pr,propierty,class
1,67.67,4
2,80.51,4
3,79.27,4
4,58.3,4
5,78.62,4
6,60.7,4
7,40.66,4
8,39.58,4
9,81.05,4
10,58.7,4
11,61.6,4
12,67.36,4
13,68.61,4
14,71.52,4
15,93.36,4
16,80,4
17,65.1,4
18,0,4
19,57.72,4
20,67.76,4
21,35.68,4
22,44.44,4
23,76.94,4
24,67.3,4
25,48.09,4
26,50,4
27,100,4
28,63.77,4
29,100,4
30,84,4
31,45.23,4
32,41.8,4
33,93.44,4
34,43.52,4
35,65.1,4
36,89.47,4
37,93.58,4
38,99.79,4
39,89.85,4
40,99.9,4
41,99.96,4
42,85.73,4
43,99.7,4
44,98.36,4
45,97.05,4
46,100,4
47,71.28,4
48,97.42,4
49,97,4
50,98.32,4
51,97.6,4
52,64.95,4
53,99.88,4
54,96,4
55,98.64,4
56,98.82,4
57,94.14,4
58,52.57,4
59,88.15,4
60,99.68,4
61,90.4,4
62,98.84,4
63,99.85,4
64,98.55,4
65,99.93,4
66,85.04,4
67,87.7,4
68,69.61,4
69,98.48,4
70,0.09,4
71,86.9,4
72,0.15,4
73,95.72,4
74,0,4
75,96.83,4
76,99.71,4
77,58.95,4
78,95.22,4
79,91.22,4
80,50,4
81,94.15,4
82,34.38,4
83,69.11,4
84,3.04,4
85,26.42,4
86,96.86,4
87,6.43,4
88,83.3,4
89,17.52,4
90,97.25,4
91,66,4
92,83.1,4
93,7.11,4
94,35.58,4
95,1.05,4
96,0.13,4
97,3.67,4
98,93.31,4
99,0.25,4
100,0.11,4
101,98.35,4
102,34.69,4
103,53.92,4
104,0.11,4
105,38.63,4
106,31.23,4
107,88.95,4
108,36.75,4
109,93.23,4
110,97.25,4
111,74.54,4
112,39.61,4
113,64.33,4
114,68.84,4
115,53.4,4
116,39.6,4
117,31.08,4
118,74.1,4
119,12.1,4
120,32.36,4
121,16.74,4
122,76.44,4
123,77.75,4
124,75.27,4
125,54.34,4
126,67.77,4
127,65.03,4
128,52.85,4
129,7.7,4
130,72.95,4
131,50.76,4
132,65.2,4
133,85.02,4
134,72.52,4
135,62.5,4
136,63.79,4
137,74.36,4
138,83.48,4
139,62.44,4
140,51.38,4
141,14.98,4
142,78.63,4
143,47.54,4
144,97.32,4
145,80.37,4
146,91.68,4
147,38.62,4
148,70.47,4
149,30.26,4
150,66.26,4
151,65.87,4
152,95.36,4
153,56.48,4
154,92.07,4
155,66.12,4
156,80.39,4
157,45.49,4
158,90.69,4
159,44.1,4
160,52.45,4
161,82.52,4
162,81.17,4
163,82.03,4
164,75.53,4
165,66.5,4
166,57.58,4
167,72.88,4
168,45.72,4
169,98.14,4
170,66.22,4
171,78.53,4
172,69.12,4
173,59.61,4
174,72.28,4
175,61.93,4
176,89.55,4
177,86.17,4
178,68.6,4
179,79.35,4
180,59.97,4
181,93.87,4
182,69.93,4
183,78.99,4
184,43.19,4
185,69.43,4
186,82.77,4
187,91.1,4
188,67.45,4
189,96.97,4
190,92.8,4
191,98.35,4
192,93.49,4
193,87.49,4
194,92.09,4
195,83.11,4
196,95.02,4
197,94.9,4
198,75.69,4
199,88.79,4
200,24.73,4
201,15.94,4
202,96.94,4
203,86.95,4
204,31.75,4
205,68.36,4
206,91.96,4
207,88.11,4
208,74.2,4
209,58.93,4
210,53.32,4
211,92.74,4
212,37.58,4
213,82.93,4
214,58.69,4
215,64.74,4
216,48.18,4
217,65.88,4
218,75.98,4
219,58.96,4
220,74.39,4
221,44.9,4
222,75,4
223,96.34,4
224,97.02,4
225,60.4,4
226,57.22,4
227,55.83,4
228,97.19,4
229,84.1,4
230,100,4
231,57.43,4
232,84.78,4
233,61.88,4
234,96.55,4
235,80.02,4
236,95.19,4
237,87.82,4
238,71.99,4
239,100,4
240,75.09,4
241,60.32,4
242,40.96,4
243,20.38,4
244,39.28,4
245,33.07,4
246,37.52,4
247,38.86,4
248,50.05,4
249,19.36,4
250,20,4
251,32.65,4
252,46.47,4
253,50.43,4
254,23.55,4
255,53.67,4
256,7.71,4
257,28.76,4
258,22.72,4
259,22.52,4
260,9.47,4
261,66.17,4
262,59.91,4
263,32.54,4
264,66.18,4
265,52.25,4
266,93.32,4
267,35.82,4
268,55.33,4
269,22.33,4
270,63.56,4
271,53.36,4
272,28.41,4
273,98.41,4
274,95.07,4
275,93.52,4
276,94.01,4
277,74.08,4
278,95,4
279,95.18,4
280,86.9,4
281,97.98,4
282,95.61,4
283,96.94,4
284,91.21,4
285,93.46,4
286,89.37,4
287,76.29,4
288,54.56,4
289,40.81,4
290,43.17,4
291,52.86,4
292,52.47,4
293,83.63,4
294,84.7,4
295,19.41,4
296,8.27,4
297,77.06,4
298,45.15,4
299,54.96,4
300,68.93,4
301,78.8,4
302,59.76,4
303,49.56,4
304,59.3,4
305,41.35,4
306,68.86,4
307,34.16,4
308,48.4,4
309,95.81,4
310,54.42,4
311,69.1,4
312,76.48,4
313,75.81,4
314,50.6,4
315,58.98,4
316,33.31,4
317,74.69,4
318,60.12,4
319,62.81,4
320,19.36,4
321,82,4
322,65.88,4
323,21.6,4
324,97.67,4
325,55.5,4
326,74.78,4
327,29.58,4
328,82.25,4
329,41.47,4
330,60.46,4
331,47.1,4
332,51.71,4
333,68.31,4
334,42.04,4
335,86.31,4
336,70.33,4
337,36.56,4
338,49.74,4
339,67.67,4
340,46.99,4
341,29.45,4
342,59.04,4
343,28.16,4
344,55.96,4
345,23.79,4
346,46.29,4
347,27.24,4
348,80.35,4
349,34.09,4
350,22.3,4
351,59.06,4
352,53.25,4
353,50.44,4
354,70.47,4
355,41.42,4
356,16.32,4
357,63.63,4
358,67.71,4
359,68.52,4
360,26.05,4
361,60.86,4
362,51.9,4
363,46.57,4
364,81.35,4
365,80.2,4
366,54.88,4
367,38.63,4
368,66.35,4
369,35.88,4
370,88.76,4
371,16.63,4
372,23.71,4
373,38.44,4
374,68.72,4
375,25,4
376,0,4
377,57.31,4
378,51.55,4
379,65.14,2
380,78.19,2
381,88.14,2
382,71.16,2
383,82.02,2
384,48.45,2
385,59.14,2
386,55.37,2
387,75.77,2
388,64.93,2
389,93.71,2
390,87.69,2
391,67.42,2
392,98.79,2
393,100,2
394,99.59,2
395,99.89,2
396,100,2
397,99.45,2
398,99.8,2
399,100,2
400,88.89,2
401,100,2
402,98.07,2
403,99.49,2
404,100,2
405,100,2
406,91.62,2
407,100,2
408,100,2
409,99.84,2
410,100,2
411,100,2
412,97.98,2
413,98.14,2
414,97.73,2
415,99.98,2
416,99.53,2
417,99.55,2
418,99.95,2
419,99.91,2
420,99.41,2
421,99.49,2
422,99.98,2
423,98.14,2
424,100,2
425,99.6,2
426,99.91,2
427,99.99,2
428,84,2
429,99.96,2
430,99.04,2
431,99.97,2
432,99.57,2
433,99.78,2
434,99.79,2
435,97.49,2
436,99.89,2
437,99.68,2
438,99.69,2
439,99.98,2
440,99.52,2
441,99.9,2
442,99.96,2
443,99.9,2
444,99.95,2
445,89.78,2
446,77.58,2
447,98.59,2
448,0.12,2
449,86.13,2
450,0,2
451,93.84,2
452,0.04,2
453,97.1,2
454,99.51,2
455,94.74,2
456,88.07,2
457,97.13,2
458,50,2
459,92.85,2
460,32.81,2
461,99.59,2
462,4.22,2
463,53.34,2
464,92.36,2
465,5.85,2
466,95.18,2
467,23.06,2
468,98.45,2
469,80.76,2
470,87.06,2
471,8.13,2
472,97.87,2
473,2.19,2
474,0.32,2
475,4.28,2
476,94.77,2
477,0.27,2
478,0.23,2
479,99.85,2
480,53.06,2
481,49.26,2
482,0.12,2
483,96.84,2
484,78.04,2
485,98.74,2
486,90.97,2
487,91.06,2
488,96.47,2
489,96.48,2
490,89.64,2
491,98.73,2
492,84.13,2
493,89.19,2
494,82.05,2
495,64.91,2
496,95.05,2
497,98.47,2
498,80.06,2
499,87.46,2
500,98.07,2
501,98.64,2
502,83.78,2
503,91.47,2
504,99.22,2
505,98.28,2
506,77,2
507,68.53,2
508,98.58,2
509,82.93,2
510,99.51,2
511,99.66,2
512,82.68,2
513,55.13,2
514,72.95,2
515,78.64,2
516,67.8,2
517,81.53,2
518,57.63,2
519,90.56,2
520,94.98,2
521,73.8,2
522,99.47,2
523,94.15,2
524,93.95,2
525,89.98,2
526,90.2,2
527,61.46,2
528,44.82,2
529,81.8,2
530,62.78,2
531,95.8,2
532,70.59,2
533,93.77,2
534,90.45,2
535,81.67,2
536,63.28,2
537,29.26,2
538,64.98,2
539,90.19,2
540,85.54,2
541,56.06,2
542,85.34,2
543,91.05,2
544,97.85,2
545,77.74,2
546,43.1,2
547,97.29,2
548,32.78,2
549,78.73,2
550,43.55,2
551,60.73,2
552,82.34,2
553,58.42,2
554,85.35,2
555,85.56,2
556,32.14,2
557,73.38,2
558,59.86,2
559,95.04,2
560,83.33,2
561,71.13,2
562,62.44,2
563,41.44,2
564,37.68,2
565,92.92,2
566,92.95,2
567,87.88,2
568,86.04,2
569,89.1,2
570,71.97,2
571,84.62,2
572,88.79,2
573,99.64,2
574,97.16,2
575,95.15,2
576,94.88,2
577,68.01,2
578,88.43,2
579,34.75,2
580,53.9,2
581,97.71,2
582,86.21,2
583,50.42,2
584,97.78,2
585,78.63,2
586,46.32,2
587,96.41,2
588,31.41,2
589,81.33,2
590,29.67,2
591,5.85,2
592,62.61,2
593,65.82,2
594,82.1,2
595,98.72,2
596,74.73,2
597,59.84,2
598,96.4,2
599,96.63,2
600,100,2
601,98.38,2
602,98.01,2
603,94.39,2
604,56.33,2
605,94.21,2
606,98.56,2
607,96.9,2
608,100,2
609,96.26,2
610,97.34,2
611,96.17,2
612,100,2
613,85.74,2
614,89.29,2
615,98.78,2
616,98.81,2
617,100,2
618,82.11,2
619,99.43,2
620,21.63,2
621,1.73,2
622,62.04,2
623,39.84,2
624,22.77,2
625,40.15,2
626,30.85,2
627,6.96,2
628,22.34,2
629,77.13,2
630,82.4,2
631,17.82,2
632,74.88,2
633,69.64,2
634,0.39,2
635,1.48,2
636,10.47,2
637,45.4,2
638,58.32,2
639,88.91,2
640,84.35,2
641,81.08,2
642,83.66,2
643,42.12,2
644,67.84,2
645,63.97,2
646,95.59,2
647,51.81,2
648,95.84,2
649,98.49,2
650,22.28,2
651,99.03,2
652,98.08,2
653,97.3,2
654,99.35,2
655,86.1,2
656,99.38,2
657,96.04,2
658,98.37,2
659,99.87,2
660,99.36,2
661,96.58,2
662,97.07,2
663,98.62,2
664,98.21,2
665,76.66,2
666,74.44,2
667,62.47,2
668,48.36,2
669,96.04,2
670,71.15,2
671,99.21,2
672,54.12,2
673,86.57,2
674,91.87,2
675,78.65,2
676,36.84,2
677,32.61,2
678,70.38,2
679,77.32,2
680,58.89,2
681,84.77,2
682,64.69,2
683,98.31,2
684,94.72,2
685,85.41,2
686,69.77,2
687,98.4,2
688,85.04,2
689,78.75,2
690,77.05,2
691,95.55,2
692,95.45,2
693,25.01,2
694,97.69,2
695,70.26,2
696,92.51,2
697,63.2,2
698,76.26,2
699,98.52,2
700,67.97,2
701,90.57,2
702,97.58,2
703,55.55,2
704,90.65,2
705,92.84,2
706,69.36,2
707,82.27,2
708,98.42,2
709,63.44,2
710,89.87,2
711,87.91,2
712,83.07,2
713,60.23,2
714,99.2,2
715,53.44,2
716,71.37,2
717,87.68,2
718,22.65,2
719,27.58,2
720,18.23,2
721,17.04,2
722,22.15,2
723,39.56,2
724,23.54,2
725,28.1,2
726,55.15,2
727,45.02,2
728,28,2
729,68.61,2
730,53.48,2
731,9.05,2
732,60.66,2
733,32.68,2
734,6.76,2
735,43.8,2
736,77.28,2
737,34.77,2
738,28.75,2
739,85.76,2
740,50.26,2
741,19.8,2
742,71.76,2
743,97.37,2
744,54.98,2
745,40.48,2
746,97.89,2
747,11.51,2
748,97.09,2
749,5.98,2
750,17.1,2
751,46.54,2
752,92.82,2
753,100,2
754,100,2
755,96.44,2
756,98.97,2
757,91.88,1
758,99.77,1
759,95.54,1
760,98.86,1
761,98.05,1
762,97.47,1
763,94.65,1
764,80.72,1
765,98.85,1
766,96.44,1
767,95.22,1
768,96.54,1
769,92.82,1
770,93.03,1
771,83.19,1
772,81.28,1
773,81.62,1
774,66.67,1
775,92.05,1
776,71.78,1
777,80.54,1
778,25,1
779,82.11,1
780,86.61,1
781,91.15,1
782,50,1
783,100,1
784,84.68,1
785,100,1
786,90.67,1
787,91.82,1
788,60.58,1
789,80.33,1
790,89.57,1
791,99.63,1
792,99.66,1
793,99.55,1
794,99.96,1
795,99.98,1
796,98.94,1
797,100,1
798,99.24,1
799,99.94,1
800,99.98,1
801,99.88,1
802,100,1
803,99.97,1
804,99.98,1
805,100,1
806,56.33,1
807,99.99,1
808,99.56,1
809,100,1
810,99.86,1
811,99.95,1
812,99.97,1
813,97.61,1
814,100,1
815,99.1,1
816,98.98,1
817,100,1
818,99.94,1
819,99.97,1
820,100,1
821,99.97,1
822,99.88,1
823,90.04,1
824,78.21,1
825,99,1
826,0.12,1
827,87.39,1
828,0.17,1
829,99.26,1
830,0.07,1
831,98.13,1
832,99.75,1
833,100,1
834,99.28,1
835,99.18,1
836,100,1
837,94.45,1
838,96.88,1
839,95.93,1
840,6.39,1
841,55.18,1
842,98.37,1
843,6.45,1
844,99.34,1
845,31.45,1
846,99.66,1
847,81.41,1
848,94.84,1
849,8.91,1
850,98.07,1
851,2.34,1
852,0.34,1
853,4.34,1
854,98.84,1
855,0.5,1
856,0,1
857,99.9,1
858,97.96,1
859,98.28,1
860,0.3,1
861,99.18,1
862,99.61,1
863,99.88,1
864,92.5,1
865,99.9,1
866,98.79,1
867,98.45,1
868,92.59,1
869,99.75,1
870,99.58,1
871,94.29,1
872,95.02,1
873,93.67,1
874,99.22,1
875,99.09,1
876,59.83,1
877,96.15,1
878,95.98,1
879,99.74,1
880,98.42,1
881,90.01,1
882,98.38,1
883,99.73,1
884,90.06,1
885,76.32,1
886,99.57,1
887,95.11,1
888,100,1
889,97.98,1
890,95.38,1
891,88.42,1
892,98.15,1
893,97.76,1
894,95.33,1
895,93.67,1
896,91.79,1
897,95.68,1
898,96.66,1
899,99.31,1
900,97.86,1
901,97.22,1
902,98.05,1
903,80.32,1
904,98.82,1
905,77.23,1
906,86.88,1
907,94.29,1
908,99.04,1
909,98.79,1
910,91.52,1
911,99.72,1
912,96.39,1
913,84.29,1
914,98.07,1
915,90.14,1
916,94.49,1
917,90.92,1
918,98.07,1
919,92.83,1
920,95.91,1
921,96.94,1
922,92.41,1
923,93.46,1
924,93,1
925,100,1
926,94.65,1
927,94.55,1
928,97.54,1
929,93.92,1
930,98.8,1
931,98.94,1
932,98.13,1
933,98.45,1
934,95.04,1
935,93.67,1
936,96.86,1
937,99.23,1
938,98.96,1
939,94.85,1
940,93.61,1
941,94.54,1
942,98.02,1
943,99,1
944,99.71,1
945,100,1
946,90.88,1
947,98.51,1
948,99.89,1
949,97.37,1
950,99.06,1
951,98.42,1
952,98.23,1
953,96.93,1
954,96.61,1
955,91.46,1
956,58.17,1
957,42.15,1
958,99.01,1
959,99.67,1
960,92.88,1
961,93.71,1
962,97.45,1
963,93.87,1
964,79.12,1
965,98.21,1
966,71.9,1
967,93.53,1
968,41.47,1
969,38.61,1
970,74.5,1
971,71.83,1
972,86.32,1
973,97.01,1
974,98.74,1
975,71.8,1
976,97.84,1
977,76.61,1
978,62.5,1
979,99.51,1
980,100,1
981,87.45,1
982,90.44,1
983,84.46,1
984,99.01,1
985,97.17,1
986,100,1
987,98.46,1
988,96.89,1
989,100,1
990,100,1
991,89.05,1
992,99.89,1
993,97.13,1
994,93.51,1
995,100,1
996,95.46,1
997,99.58,1
998,70.73,1
999,98.15,1
1000,93.94,1
1001,82.56,1
1002,95.97,1
1003,86.26,1
1004,95.26,1
1005,93.39,1
1006,91.43,1
1007,85.89,1
1008,98.01,1
1009,63.93,1
1010,68.32,1
1011,98.68,1
1012,89.42,1
1013,98.88,1
1014,98.27,1
1015,77.38,1
1016,96.36,1
1017,94.47,1
1018,97.63,1
1019,96.58,1
1020,96.03,1
1021,93.5,1
1022,99.83,1
1023,87.56,1
1024,99.12,1
1025,93.99,1
1026,95.04,1
1027,95.74,1
1028,95.13,1
1029,98.72,1
1030,98.75,1
1031,99.18,1
1032,98.61,1
1033,83.88,1
1034,98.78,1
1035,99.41,1
1036,91.15,1
1037,99.94,1
1038,99.94,1
1039,64.17,1
1040,94.3,1
1041,97.98,1
1042,99.39,1
1043,94.18,1
1044,93.76,1
1045,81.13,1
1046,81.26,1
1047,89.58,1
1048,81.4,1
1049,98.43,1
1050,98.26,1
1051,95.22,1
1052,97.87,1
1053,98.12,1
1054,87.5,1
1055,91.89,1
1056,97.36,1
1057,94.15,1
1058,93.09,1
1059,99.53,1
1060,87.9,1
1061,99.97,1
1062,99.94,1
1063,98.74,1
1064,93.71,1
1065,99.54,1
1066,95.67,1
1067,96.84,1
1068,96.57,1
1069,99.65,1
1070,95.58,1
1071,85.83,1
1072,90.32,1
1073,95.36,1
1074,95.31,1
1075,96.58,1
1076,99.98,1
1077,98.96,1
1078,93.97,1
1079,78.41,1
1080,99.17,1
1081,91.9,1
1082,99.36,1
1083,88.66,1
1084,98.94,1
1085,96.08,1
1086,96.39,1
1087,76.94,1
1088,91.61,1
1089,87.93,1
1090,70.16,1
1091,95.59,1
1092,96.69,1
1093,91.16,1
1094,98.26,1
1095,97.2,1
1096,97.92,1
1097,99.89,1
1098,98.57,1
1099,98.49,1
1100,98.55,1
1101,99.39,1
1102,99.38,1
1103,96.28,1
1104,99.98,1
1105,96.75,1
1106,98.6,1
1107,99.62,1
1108,94.56,1
1109,98.12,1
1110,98.55,1
1111,99.8,1
1112,98.86,1
1113,96.26,1
1114,99.95,1
1115,99.35,1
1116,98.43,1
1117,99.98,1
1118,82.01,1
1119,96.17,1
1120,99.91,1
1121,98.72,1
1122,95.81,1
1123,92.32,1
1124,97.77,1
1125,93.06,1
1126,99.75,1
1127,96.9,1
1128,99.86,1
1129,99.07,1
1130,82.56,1
1131,75,1
1132,33.33,1
1133,66.8,1
1134,88.66,1
1135,77.7,3
1136,91.82,3
1137,97.24,3
1138,91.4,3
1139,95.23,3
1140,91.34,3
1141,82.17,3
1142,79.83,3
1143,91.31,3
1144,78.35,3
1145,98.34,3
1146,96.76,3
1147,92.72,3
1148,99.7,3
1149,100,3
1150,98.68,3
1151,91.86,3
1152,100,3
1153,94.33,3
1154,45.95,3
1155,51.63,3
1156,100,3
1157,93.97,3
1158,87.35,3
1159,75.37,3
1160,100,3
1161,90.91,3
1162,50.74,3
1163,100,3
1164,65.88,3
1165,66.12,3
1166,53.48,3
1167,91.26,3
1168,76.11,3
1169,90.41,3
1170,95.84,3
1171,99.47,3
1172,87.64,3
1173,99.59,3
1174,90.71,3
1175,93.21,3
1176,98.64,3
1177,87.86,3
1178,99.17,3
1179,90.46,3
1180,100,3
1181,99.68,3
1182,99.77,3
1183,99.91,3
1184,97.57,3
1185,99.38,3
1186,83.13,3
1187,99.94,3
1188,99.62,3
1189,99.24,3
1190,92.38,3
1191,89.17,3
1192,93.19,3
1193,96.26,3
1194,88.74,3
1195,99.91,3
1196,90.47,3
1197,95.47,3
1198,99.71,3
1199,89.28,3
1200,99.12,3
1201,89.83,3
1202,77.69,3
1203,98.54,3
1204,0.09,3
1205,87.07,3
1206,0.16,3
1207,97.19,3
1208,0.07,3
1209,95.52,3
1210,99.65,3
1211,96.84,3
1212,98.27,3
1213,96.17,3
1214,100,3
1215,94,3
1216,35.09,3
1217,83.27,3
1218,6.94,3
1219,53.72,3
1220,94.68,3
1221,6.43,3
1222,92.08,3
1223,18.84,3
1224,99.38,3
1225,72.56,3
1226,85.05,3
1227,7.72,3
1228,83.59,3
1229,2.2,3
1230,0.28,3
1231,4.26,3
1232,99.71,3
1233,0.43,3
1234,0.11,3
1235,99.9,3
1236,63.83,3
1237,61.1,3
1238,0.17,3
1239,97.14,3
1240,96.29,3
1241,97.88,3
1242,95.56,3
1243,98.57,3
1244,90.82,3
1245,93.32,3
1246,95.23,3
1247,99.32,3
1248,97.55,3
1249,95.76,3
1250,94.06,3
1251,91.81,3
1252,95.23,3
1253,99.21,3
1254,85.38,3
1255,92.08,3
1256,98.87,3
1257,99.7,3
1258,98.03,3
1259,94.74,3
1260,98.72,3
1261,99.71,3
1262,97.27,3
1263,96.92,3
1264,99.76,3
1265,99.05,3
1266,94.79,3
1267,98.98,3
1268,94.01,3
1269,88.35,3
1270,98.04,3
1271,98.59,3
1272,99.7,3
1273,99.64,3
1274,96.95,3
1275,98.81,3
1276,99.27,3
1277,95.87,3
1278,100,3
1279,95.82,3
1280,99.86,3
1281,80.85,3
1282,93.64,3
1283,74.79,3
1284,75.77,3
1285,99.74,3
1286,99.54,3
1287,99.88,3
1288,99.97,3
1289,99.75,3
1290,98.72,3
1291,99.76,3
1292,99.45,3
1293,57.15,3
1294,98.94,3
1295,99.61,3
1296,99.59,3
1297,96.52,3
1298,100,3
1299,99.21,3
1300,99.13,3
1301,30.2,3
1302,44.05,3
1303,98.96,3
1304,37.76,3
1305,74.95,3
1306,70.92,3
1307,60.81,3
1308,67.59,3
1309,26.62,3
1310,72.54,3
1311,59.29,3
1312,82.33,3
1313,75.53,3
1314,50.48,3
1315,80.65,3
1316,65.86,3
1317,72.25,3
1318,57.42,3
1319,54.04,3
1320,35.38,3
1321,82.72,3
1322,84.7,3
1323,100,3
1324,89.18,3
1325,97.77,3
1326,64.48,3
1327,79.66,3
1328,75.76,3
1329,75.93,3
1330,89.73,3
1331,80.02,3
1332,47.35,3
1333,42.69,3
1334,60.05,3
1335,31.3,3
1336,77.29,3
1337,71.16,3
1338,81.78,3
1339,47.28,3
1340,54.03,3
1341,88.95,3
1342,52.56,3
1343,86.16,3
1344,22.19,3
1345,53.89,3
1346,15.36,3
1347,39.6,3
1348,36.95,3
1349,62.79,3
1350,87.45,3
1351,89.94,3
1352,43.01,3
1353,59.94,3
1354,98.74,3
1355,97.58,3
1356,100,3
1357,99.35,3
1358,97.9,3
1359,86.58,3
1360,83.07,3
1361,94.65,3
1362,85.86,3
1363,93.77,3
1364,100,3
1365,98.93,3
1366,99.67,3
1367,99.62,3
1368,100,3
1369,76.27,3
1370,92.36,3
1371,54.44,3
1372,99.77,3
1373,100,3
1374,75.19,3
1375,99.61,3
1376,48.3,3
1377,77.13,3
1378,91.55,3
1379,85.25,3
1380,60.9,3
1381,88.01,3
1382,80.29,3
1383,77.45,3
1384,85.91,3
1385,98.87,3
1386,98.01,3
1387,24.31,3
1388,52.02,3
1389,98.92,3
1390,68.77,3
1391,82.99,3
1392,86.13,3
1393,78.35,3
1394,98.41,3
1395,90.93,3
1396,98.38,3
1397,96.4,3
1398,98.12,3
1399,79.1,3
1400,94.38,3
1401,88.8,3
1402,98.58,3
1403,97.54,3
1404,71.3,3
1405,91.97,3
1406,87.06,3
1407,92.51,3
1408,88.73,3
1409,93.89,3
1410,97.62,3
1411,84.76,3
1412,96.77,3
1413,96.59,3
1414,94.68,3
1415,99.51,3
1416,99.06,3
1417,96.38,3
1418,94.48,3
1419,97.2,3
1420,98.04,3
1421,66.97,3
1422,68.44,3
1423,79.29,3
1424,66.3,3
1425,98.95,3
1426,98.64,3
1427,99.62,3
1428,68.89,3
1429,99.53,3
1430,98.25,3
1431,97.18,3
1432,72.4,3
1433,50.74,3
1434,89.89,3
1435,88.45,3
1436,84.48,3
1437,97.61,3
1438,63.6,3
1439,98.61,3
1440,98.78,3
1441,77.06,3
1442,93.38,3
1443,99.75,3
1444,97.62,3
1445,95.21,3
1446,90.17,3
1447,99.51,3
1448,95.82,3
1449,74.25,3
1450,93.47,3
1451,74.01,3
1452,98.7,3
1453,89,3
1454,99.91,3
1455,99.51,3
1456,79.09,3
1457,94.79,3
1458,98.76,3
1459,85.43,3
1460,94.99,3
1461,99.19,3
1462,92.3,3
1463,90.18,3
1464,99.05,3
1465,93.9,3
1466,99.55,3
1467,70.96,3
1468,94.17,3
1469,71.22,3
1470,99.6,3
1471,95.28,3
1472,95.05,3
1473,89.91,3
1474,80.07,3
1475,99.82,3
1476,94.9,3
1477,86.72,3
1478,96.51,3
1479,92.65,3
1480,98.08,3
1481,92.24,3
1482,99.58,3
1483,92.77,3
1484,94.27,3
1485,97.38,3
1486,91.08,3
1487,94.41,3
1488,90.92,3
1489,98.37,3
1490,90.73,3
1491,87.38,3
1492,98.67,3
1493,90.18,3
1494,95.89,3
1495,99.88,3
1496,96.97,3
1497,64.96,3
1498,99.03,3
1499,99.76,3
1500,87.42,3
1501,59.13,3
1502,99,3
1503,53.14,3
1504,98.86,3
1505,82.21,3
1506,98.61,3
1507,94.6,3
1508,93.85,3
1509,100,3
1510,100,3
1511,96.44,3
1512,98.97,3
1513,73.54,0
1514,89.04,0
1515,88.05,0
1516,86.15,0
1517,65.78,0
1518,92.75,0
1519,73.99,0
1520,77.23,0
1521,96.76,0
1522,85.4,0
1523,79.43,0
1524,87.74,0
1525,71.8,0
1526,100,0
1527,90.78,0
1528,99.34,0
1529,,0
1530,,0
1531,0,0
1532,,0
1533,,0
1534,33.33,0
1535,0,0
1536,100,0
1537,,0
1538,0,0
1539,,0
1540,0,0
1541,0,0
1542,,0
1543,100,0
1544,,0
1545,,0
1546,,0
1547,2.99,0
1548,29.56,0
1549,0.92,0
1550,0.92,0
1551,0.06,0
1552,3.42,0
1553,1.65,0
1554,7.77,0
1555,3.99,0
1556,0.06,0
1557,4.51,0
1558,0,0
1559,1.41,0
1560,0.48,0
1561,0,0
1562,61.09,0
1563,1.97,0
1564,0.32,0
1565,0.15,0
1566,3.86,0
1567,0.08,0
1568,0.89,0
1569,7.87,0
1570,0.17,0
1571,0.39,0
1572,4.43,0
1573,0.23,0
1574,1.91,0
1575,0.08,0
1576,0.04,0
1577,0.77,0
1578,2.42,0
1579,0.02,0
1580,0.12,0
1581,0.43,0
1582,0.15,0
1583,0.03,0
1584,0.16,0
1585,1.79,0
1586,0.07,0
1587,2.8,0
1588,2.28,0
1589,64.21,0
1590,0.85,0
1591,2.68,0
1592,0,0
1593,0.3,0
1594,91.07,0
1595,54.07,0
1596,3.12,0
1597,0.12,0
1598,7.96,0
1599,0.03,0
1600,0.15,0
1601,6.11,0
1602,0.41,0
1603,0.37,0
1604,4.08,0
1605,0.54,0
1606,0.84,0
1607,1.86,0
1608,0.18,0
1609,2.23,0
1610,74.13,0
1611,0.21,0
1612,0.23,0
1613,0.83,0
1614,57.14,0
1615,67.89,0
1616,0.18,0
1617,52.95,0
1618,49.84,0
1619,82.22,0
1620,21.93,0
1621,62.25,0
1622,88.09,0
1623,86.97,0
1624,88.53,0
1625,69.54,0
1626,63.75,0
1627,80.07,0
1628,48.95,0
1629,74.86,0
1630,99.35,0
1631,57.79,0
1632,39.43,0
1633,84.69,0
1634,95.73,0
1635,94.72,0
1636,95.78,0
1637,66.24,0
1638,97.08,0
1639,78.16,0
1640,51.48,0
1641,8.42,0
1642,95.55,0
1643,72.22,0
1644,29.02,0
1645,45.9,0
1646,40.49,0
1647,38.23,0
1648,59.01,0
1649,67,0
1650,68.68,0
1651,63.43,0
1652,30.24,0
1653,36.05,0
1654,72.01,0
1655,76.24,0
1656,86.35,0
1657,39.38,0
1658,94.66,0
1659,26.04,0
1660,40.45,0
1661,2.1,0
1662,1.66,0
1663,61.5,0
1664,24.49,0
1665,90.33,0
1666,13.14,0
1667,88.52,0
1668,77.48,0
1669,78.73,0
1670,79.44,0
1671,34.19,0
1672,10.34,0
1673,59.09,0
1674,41.85,0
1675,19.64,0
1676,55.94,0
1677,92.01,0
1678,73.1,0
1679,65.71,0
1680,56.88,0
1681,100,0
1682,68.55,0
1683,36.91,0
1684,70.44,0
1685,40.16,0
1686,42.83,0
1687,52,0
1688,59.71,0
1689,65.96,0
1690,47.59,0
1691,93.94,0
1692,54.75,0
1693,34.54,0
1694,66.15,0
1695,57.65,0
1696,47.85,0
1697,69.78,0
1698,34.42,0
1699,82.27,0
1700,99.83,0
1701,100,0
1702,96.23,0
1703,95.98,0
1704,100,0
1705,90.31,0
1706,97,0
1707,17.5,0
1708,72.73,0
1709,100,0
1710,77.78,0
1711,100,0
1712,82.35,0
1713,28.57,0
1714,80,0
1715,10.22,0
1716,66.67,0
1717,69.3,0
1718,76.19,0
1719,62.26,0
1720,100,0
1721,100,0
1722,62.73,0
1723,0.37,0
1724,99.84,0
1725,93.83,0
1726,71.43,0
1727,22.82,0
1728,72.73,0
1729,93.7,0
1730,64.29,0
1731,6.5,0
1732,48.27,0
1733,85.6,0
1734,37.5,0
1735,92.8,0
1736,53.63,0
1737,51.99,0
1738,64.69,0
1739,93.63,0
1740,93.4,0
1741,69.01,0
1742,100,0
1743,57.69,0
1744,61.45,0
1745,75.48,0
1746,95.65,0
1747,80.09,0
1748,47.47,0
1749,91.23,0
1750,70.3,0
1751,100,0
1752,64.6,0
1753,66.42,0
1754,86.54,0
1755,61.21,0
1756,62.07,0
1757,12,0
1758,14.94,0
1759,12.03,0
1760,23.55,0
1761,59.04,0
1762,84.91,0
1763,58.08,0
1764,21.41,0
1765,38.34,0
1766,31.75,0
1767,26.12,0
1768,9.73,0
1769,96.63,0
1770,49.14,0
1771,58.88,0
1772,3.2,0
1773,58.64,0
1774,54.92,0
1775,92.98,0
1776,28.35,0
1777,63.11,0
1778,91.76,0
1779,0.82,0
1780,91.12,0
1781,31.47,0
1782,23.69,0
1783,5.15,0
1784,54.47,0
1785,31.26,0
1786,45.41,0
1787,78.42,0
1788,37.81,0
1789,10.21,0
1790,68.7,0
1791,54.12,0
1792,42.2,0
1793,79.74,0
1794,28.81,0
1795,43.51,0
1796,50.94,0
1797,74.74,0
1798,22.94,0
1799,36.84,0
1800,61.95,0
1801,58.42,0
1802,65.82,0
1803,43.88,0
1804,43.62,0
1805,89.32,0
1806,87.44,0
1807,60.08,0
1808,58.36,0
1809,94.53,0
1810,61.57,0
1811,64.88,0
1812,85.94,0
1813,76.7,0
1814,77.83,0
1815,65.91,0
1816,71.23,0
1817,96.14,0
1818,82.26,0
1819,77.97,0
1820,70.84,0
1821,96.11,0
1822,72.92,0
1823,88.41,0
1824,98.13,0
1825,80.52,0
1826,70.62,0
1827,82.42,0
1828,56.35,0
1829,87.15,0
1830,83.94,0
1831,79.96,0
1832,24.51,0
1833,66.92,0
1834,80.93,0
1835,7.93,0
1836,99,0
1837,94.12,0
1838,83.77,0
1839,39.77,0
1840,89.1,0
1841,50.34,0
1842,85.06,0
1843,57.66,0
1844,68.76,0
1845,62.79,0
1846,56.53,0
1847,59.83,0
1848,73.24,0
1849,62.21,0
1850,97.89,0
1851,88.69,0
1852,52.12,0
1853,35.21,0
1854,15.93,0
1855,41.61,0
1856,73.17,0
1857,58.3,0
1858,75.63,0
1859,80.66,0
1860,76.1,0
1861,61.39,0
1862,87.53,0
1863,54.25,0
1864,74.57,0
1865,37.09,0
1866,56.45,0
1867,35.87,0
1868,69.6,0
1869,35.31,0
1870,43.33,0
1871,37.96,0
1872,49.82,0
1873,29.93,0
1874,45.24,0
1875,49.78,0
1876,30.76,0
1877,73.08,0
1878,76.54,0
1879,67.24,0
1880,34.02,0
1881,41.05,0
1882,19.88,0
1883,42.74,0
1884,86.48,0
1885,56.17,0
1886,72.31,0
1887,100,0
1888,100,0
1889,25.69,0
1890,53.61,0
1891,,0
1892,,0
1893,58.64,0
1894,75,0
1895,,0
1896,,0
1897,87.5,0
1898,,0
1899,50,0
1900,0,0
1901,,0
1902,100,0
1903,,0
1904,77.59,0
1905,100,0
1906,,0
1907,100,0
1908,,0
1909,,0
1910,100,0
1911,,0
1912,,0
1913,,0
1914,97.12,0
1915,,0
1916,,0
1917,40,0
1918,100,0
1919,0,0
1920,100,0
1921,100,0
1922,,0
1923,98.37,0
1924,100,0
1925,32.83,0
1926,,0
1927,56.01,0
1928,35.17,0
1929,80,0
1930,,0
1931,50.85,0
1932,4.68,0
1933,19.35,0
1934,100,0
1935,41.87,0
1936,22.02,0
1937,48.45,0
1938,71.35,0
1939,1.1,0
1940,0.08,0
1941,33.54,0
1942,5.59,0
1943,68.32,0
1944,60.83,0
1945,,0
1946,7.27,0
1947,16.67,0
1948,35.31,0
1949,0,0
1950,47.68,0
1951,85.4,0
1952,16.7,0
1953,50,0
1954,0,0
1955,100,0
1956,0.99,0
1957,0.29,0
1958,0,0
1959,61.6,0
1960,81.82,0
1961,,0
1962,0,0
1963,50,0
1964,100,0
1965,100,0
1966,0,0
1967,3.8,0
1968,,0
1969,100,0
1970,,0
1971,,0
1972,,0
1973,100,0
1974,96.1,0
1975,0.99,0
1976,100,0
1977,,0
1978,3.29,0
1979,100,0
1980,0,0
