fifa_update,league_id,league_name,league_level,nationality_id,nationality_name,overall,attack,defence,rival_team,international_prestige,domestic_prestige,starting_xi_average_age,whole_team_average_age,captain,long_free_kick,penalties,right_corner
2,13,Premier League,1,14,England,81,82,78,18,18,18,25.09,23.82,53612,176635,176635,176635
2,13,Premier League,1,14,England,74,76,73,88,15,15,26,24.64,164469,189280,164469,189280
2,14,Championship,2,14,England,68,69,65,1796,13,12,26,24.57,198904,139609,184624,139609
2,14,League One,2,14,England,68,67,67,3,12,13,27.09,25.57,183527,183527,165185,183527
2,13,Premier League,1,14,England,82,83,81,1,20,20,25.64,23.76,13732,162895,183277,162895
2,13,Premier League,1,14,England,78,79,78,9,16,14,27.09,25.33,53914,6826,163631,163631
2,14,Championship,2,14,England,68,68,68,1939,12,11,25.45,24.27,173614,53998,163050,53998
2,13,Premier League,1,14,England,79,81,78,7,18,17,24,23.42,13743,13743,13743,189242
2,13,Premier League,1,14,England,82,83,81,11,19,18,28.64,25.48,139720,168542,153079,138412
2,13,Premier League,1,14,England,81,87,75,10,20,20,24.91,23.94,54050,54050,54050,178088
2,14,Championship,2,14,England,69,72,69,13,10,11,25.18,24.2,163625,163625,163625,163625
2,13,Premier League,1,14,England,75,74,74,106,16,15,25.64,24.06,48745,183940,193476,183940
2,14,Premier League,2,14,England,69,69,68,91,9,11,24.45,25.4,171831,186116,203304,104442
2,13,Championship,1,14,England,75,75,73,144,14,12,27.36,25.85,19104,157597,195671,186351
2,13,Championship,1,14,England,75,77,75,1790,13,11,26,23.12,171791,199434,199434,151508
2,13,Premier League,1,14,England,79,80,76,1,17,17,24.64,24.39,163418,190460,53050,190460
2,13,Premier League,1,14,England,75,73,72,97,14,13,26.27,24.91,176285,152879,152879,54013
2,19,Bundesliga,1,21,Germany,85,86,80,22,20,20,25.73,25.14,121939,197445,189596,197445
2,19,Bundesliga,1,21,Germany,81,80,82,34,18,19,27,24.33,2196,188802,192387,192883
2,19,Bundesliga,1,21,Germany,76,77,74,31,14,15,25.55,24.71,1611,144622,144622,183909
2,19,Bundesliga,1,21,Germany,72,67,70,36,11,11,24.27,24.36,177520,201982,177520,201982
2,19,2. Bundesliga,1,21,Germany,76,78,74,38,15,15,25.45,24.57,162893,188154,198196,188154
2,20,2. Bundesliga,2,21,Germany,68,69,66,169,10,11,24.18,23.14,177475,203544,177886,203544
2,19,Bundesliga,1,21,Germany,72,74,71,23,12,12,24.82,24.21,158444,175996,198554,189234
2,19,Bundesliga,1,21,Germany,77,79,74,31,16,16,24.64,24.28,137262,208128,137262,208128
2,20,3. Liga,2,21,Germany,67,68,67,21,10,11,25.09,24.57,200607,189958,2152,189958
2,19,2. Bundesliga,1,21,Germany,78,84,75,22,16,18,24.73,23.39,148803,177934,148803,202166
2,19,Bundesliga,1,21,Germany,75,76,71,21,14,14,24.91,23.33,158856,205452,158856,193886
2,19,Bundesliga,1,21,Germany,73,70,73,28,13,13,25.73,23.89,101336,173474,172049,173474
2,31,Serie A,1,27,Italy,73,73,72,190,13,10,26.64,27.59,142938,173146,142938,173146
2,31,Serie A,1,27,Italy,78,78,77,47,18,20,25.36,24.24,182168,180432,201399,180432
2,31,Serie A,1,27,Italy,81,83,80,44,19,20,28.18,26.06,1179,173210,143001,143001
2,31,Serie A,1,27,Italy,77,78,74,52,17,16,26.64,26.21,188427,173221,173221,158963
2,31,Serie A,1,27,Italy,78,79,77,44,18,20,27.82,27.48,53578,53578,186581,185174
2,31,Serie A,1,27,Italy,77,81,75,45,17,16,26.27,24.94,171877,158810,167664,198219
2,31,Serie B,1,27,Italy,73,74,71,45,13,13,27.55,27,142359,120238,120238,120238
2,31,Serie A,1,27,Italy,79,78,79,46,17,17,29,26.24,1238,180206,1238,180206
2,31,Serie A,1,27,Italy,74,73,76,45,11,12,28.36,26.64,190547,187702,187702,187702
2,31,Serie A,1,27,Italy,74,75,74,52,15,15,26.18,24.97,120274,120274,120274,120274
2,17,Ligue 2,2,18,France,65,65,64,110569,12,14,25.82,23.36,150564,198816,152926,152926
2,16,Ligue 2,1,18,France,71,71,69,614,11,10,25.45,24.91,51105,188388,188388,188388
2,16,Ligue 2,1,18,France,73,74,72,219,14,17,25.55,23.38,192333,190502,188325,190502
2,16,Ligue 2,1,18,France,70,66,70,378,10,8,28.45,26.62,41634,183068,157310,183068
2,16,Ligue 1,1,18,France,67,69,67,65,12,11,27.27,24.27,177128,176692,203889,177481
2,16,Ligue 1,1,18,France,75,72,75,64,15,16,27.27,24.69,150656,188385,213135,188385
2,16,Ligue 1,1,18,France,75,74,74,1819,16,18,24.27,23.39,193116,187924,193301,187924
2,16,Ligue 1,1,18,France,69,70,68,1823,9,11,27.91,24.47,11791,192938,192938,45601
2,16,Ligue 1,1,18,France,76,77,75,72,15,13,25.82,23.54,112253,162347,203280,162347
2,16,Ligue 1,1,18,France,72,72,71,224,13,11,26.91,25.32,153260,168798,183177,168798
2,16,Ligue 1,1,18,France,71,67,74,74,12,12,25.91,23.58,165232,169281,169281,201519
2,16,Ligue 1,1,18,France,71,75,68,219,12,12,24.82,22.73,51123,199418,152997,199418
2,16,Ligue 1,1,18,France,81,83,79,219,18,19,28,25.71,164240,41236,41236,49370
2,16,Ligue 1,1,18,France,74,74,74,71,13,14,25.82,24.25,41674,207929,176794,207929
2,50,Premiership,1,42,Scotland,64,66,64,181,7,15,26.18,24.16,173695,189218,175367,186839
2,50,Premiership,1,42,Scotland,72,70,72,1754,11,20,25.82,23.93,134820,100806,100806,100806
2,50,Premiership,1,42,Scotland,62,63,60,100805,5,12,24.45,22.8,189734,155530,167833,155530
2,50,Premiership,1,42,Scotland,63,65,62,184,6,15,27.64,23.88,45073,188900,188900,188900
2,51,Premiership,2,42,Scotland,63,66,63,280,8,20,28,25.89,19202,210409,49045,210409
2,14,Championship,2,14,England,66,65,65,2,9,11,26.91,24,159490,170290,173660,170290
2,14,League One,2,14,England,66,67,64,97,7,8,25.27,22.68,152875,152875,178136,152875
2,14,League One,2,14,England,69,69,68,14,9,10,26.64,24.37,163156,159080,184747,159080
2,14,Championship,2,14,England,67,67,67,1792,8,10,26.27,23.89,162053,100758,149825,100758
2,13,Championship,1,14,England,71,71,70,14,10,11,26.55,25.03,136113,204485,139296,204485
2,14,Championship,2,14,England,67,68,66,19,7,8,28.45,26.27,103581,193185,116197,193185
2,13,Championship,1,14,England,74,74,73,13,14,12,26.55,23.85,3484,164459,164459,164459
2,13,Championship,1,14,England,75,77,72,110,14,11,26.27,25.45,52306,52306,171321,171321
2,14,Premier League,2,14,England,68,67,68,109,12,12,24.55,23.4,195037,175314,179613,213105
2,60,League Two,3,14,England,59,59,58,1928,3,4,22.18,21.36,193804,212006,193804,193804
2,61,League One,4,14,England,61,62,60,1803,3,4,24.18,23.43,199580,205818,199580,202464
2,60,League Two,3,14,England,62,62,61,1797,6,8,25.55,23.71,151270,151270,151270,151270
2,61,League One,4,14,England,58,59,57,1929,3,5,25.09,24.04,190240,4257,186869,4257
2,14,Premier League,2,14,England,70,73,67,5,14,13,27.91,23.8,8517,202151,155979,202151
2,20,Bundesliga,2,21,Germany,67,68,67,110636,9,10,26.09,24.07,183601,191327,175675,199439
2,20,2. Bundesliga,2,21,Germany,68,68,67,171,8,9,24.73,23.78,183070,204468,101803,169408
2,19,2. Bundesliga,1,21,Germany,74,76,72,34,12,12,25.45,25.42,177019,200536,158232,200536
2,19,Bundesliga,1,21,Germany,74,77,72,1824,12,13,24.82,23.97,175962,202087,182152,202087
2,20,2. Bundesliga,2,21,Germany,69,69,68,165,11,11,26.45,23.25,47903,220925,201495,183344
2,19,Bundesliga,1,21,Germany,77,77,77,485,16,16,25.09,24.76,115533,193352,193352,193352
2,50,Premiership,1,42,Scotland,61,61,58,181,3,11,26.55,25.28,169450,169450,172813,203105
2,50,Premiership,1,42,Scotland,63,65,60,180,7,14,25.45,22.54,157226,213739,198785,201084
2,50,Premiership,1,42,Scotland,59,63,58,83,3,9,26.18,24,51512,204304,185211,204304
2,32,Serie A,2,27,Italy,68,68,67,110374,14,13,28.27,25.75,192823,149242,45129,189736
2,32,Serie B,2,27,Italy,65,68,64,39,11,11,26.36,23.68,159499,137159,49026,203782
2,80,Bundesliga,1,4,Austria,70,75,69,254,10,20,25.09,23.04,110376,195365,110376,195365
2,31,Serie B,1,27,Italy,72,73,71,206,11,11,27.55,26.84,7647,165490,138806,165490
2,32,Serie B,2,27,Italy,64,65,64,570,7,9,25.55,23.32,149073,49613,193077,149231
2,32,Serie B,2,27,Italy,66,68,65,46,9,10,24.55,23.46,184341,216409,184341,216409
2,31,Serie A,1,27,Italy,72,72,70,192,9,11,30.27,26.26,23015,133249,23015,203671
2,80,Bundesliga,1,4,Austria,64,65,63,254,7,15,25,23.44,169343,202375,201038,152092
2,16,Ligue 2,1,18,France,68,67,67,1738,10,11,27.27,25.92,163804,163804,199378,163804
2,17,Ligue 2,2,18,France,63,61,64,110326,7,6,25.91,22.93,183973,116762,50949,116762
2,16,Ligue 1,1,18,France,70,72,70,74,12,10,24.27,24.31,199511,137960,197756,137960
2,16,Ligue 1,1,18,France,75,76,74,73,16,20,26.27,23.14,163705,177388,153244,177388
2,17,Ligue 2,2,18,France,63,66,63,70,4,7,27.91,24.84,140609,176530,12167,176530
2,17,Ligue 2,2,18,France,66,64,67,1823,12,12,24.18,22.92,183921,204238,224069,204238
2,4,Jupiler Pro League,1,7,Belgium,72,73,70,232,13,20,23.27,22.07,47201,170815,216393,216393
2,4,Jupiler Pro League,1,7,Belgium,71,72,71,229,12,18,25,23.89,17605,164878,17605,164878
2,4,Jupiler Pro League,1,7,Belgium,71,72,70,229,13,18,26.73,23.3,53630,187858,187858,187858
2,308,Liga Portugal,1,38,Portugal,77,74,77,236,16,20,27.82,26.27,148711,212523,180695,184144
2,308,Liga Portugal,1,38,Portugal,77,78,76,234,17,20,23.09,24,196144,191687,196144,184267
2,308,Liga Portugal,1,38,Portugal,76,76,72,234,14,19,24,23.23,178005,188086,184826,184826
2,4,Jupiler Pro League,1,7,Belgium,65,66,64,110724,7,13,23.27,22.89,153084,153084,153084,153084
2,53,La Liga,1,45,Spain,80,79,80,243,19,18,27.45,24.69,146954,146954,146954,193747
2,53,La Liga,1,45,Spain,84,87,81,243,20,20,27.27,25.72,158023,168651,158023,190871
2,53,La Liga 2,1,45,Spain,73,75,72,450,12,18,27.45,25.12,188930,177390,177390,177390
2,53,La Liga,1,45,Spain,84,86,81,241,20,20,26.64,23.79,5479,155862,20801,182521
2,54,La Liga 2,2,45,Spain,67,68,67,479,12,16,23.27,23.11,200678,220414,194996,220414
2,10,Eredivisie,1,34,Netherlands,74,72,73,246,14,20,23.45,22.07,172862,184255,184255,216433
2,10,Eredivisie,1,34,Netherlands,72,72,71,245,12,18,25.09,24.33,199422,199422,198006,198006
2,10,Eredivisie,1,34,Netherlands,74,75,72,245,14,19,22,21.45,181291,202556,202556,200223
2,80,Bundesliga,1,4,Austria,65,68,62,256,8,20,24,22.37,53074,53074,53074,53074
2,80,Bundesliga,1,4,Austria,66,66,65,254,8,20,25.36,24.33,169345,186881,171524,199729
2,54,La Liga 2,2,45,Spain,66,67,65,472,7,11,28,25.68,177522,146305,146305,146305
2,1,Superliga,1,13,Denmark,68,67,68,819,9,19,24.64,23.41,49170,155757,210713,211385
2,1,Superliga,1,13,Denmark,59,61,60,1516,5,9,26.36,24.33,47986,46829,46829,151101
2,1,Superliga,1,13,Denmark,63,61,59,1516,7,17,24.45,23.04,179899,172516,199791,172516
2,63,Super League,1,22,Greece,73,78,72,1884,14,20,26.64,24.68,183666,197900,138810,138810
2,189,Super League,1,47,Switzerland,59,59,58,898,2,5,25.82,25.69,144069,183251,204316,183251
2,17,Ligue 2,2,18,France,66,66,66,379,8,8,26.73,25.86,3665,3665,3665,3665
2,41,Eliteserien,1,36,Norway,67,67,65,417,9,20,26.64,24.13,172517,183336,201966,172517
2,41,Eliteserien,1,36,Norway,62,60,62,920,6,16,26.91,24.1,52474,52174,52174,52474
2,41,Eliteserien,1,36,Norway,65,65,64,112374,7,16,25.82,23.38,34308,148731,34308,148731
2,65,Premier Division,1,25,Republic of Ireland,54,55,54,306,2,12,27,24.83,149824,202014,199047,183765
2,65,Premier Division,1,25,Republic of Ireland,58,57,57,305,2,15,26.82,24.64,165458,13760,183466,13760
2,67,Premier League,1,40,Russia,75,77,73,100767,16,17,28.18,26.65,147782,177326,192086,177326
2,67,Premier League,1,40,Russia,76,82,74,100767,16,19,27.18,23.69,148119,105454,198648,105454
2,56,Allsvenskan,1,46,Sweden,65,66,63,433,8,20,26.36,25.2,176732,212678,184218,212678
2,56,Allsvenskan,1,46,Sweden,67,67,66,319,8,20,24.82,23,46175,168610,46175,168610
2,56,Allsvenskan,1,46,Sweden,60,59,60,432,5,14,25.73,23.39,199049,207581,207581,207581
2,189,Super League,1,47,Switzerland,66,67,64,894,6,14,25.91,23.73,158887,208498,208498,199282
2,68,Super Lig,1,48,Turkey,77,75,75,326,15,20,26.36,27.25,124607,124607,124607,139869
2,68,Super Lig,1,48,Turkey,77,78,77,325,14,20,29,27.88,80,171875,15723,171875
2,68,Super Lig,1,48,Turkey,76,76,75,326,14,20,25.73,24.18,191032,191032,191032,191032
2,60,League Two,3,14,England,62,60,62,1943,4,5,23.55,24.83,192231,171923,189282,171923
2,61,League Two,4,14,England,58,57,57,110313,1,2,25.36,24.72,169539,184801,183807,184801
2,61,League One,4,14,England,58,58,57,1923,3,3,25.36,24.62,162911,220635,224053,182688
2,61,League Two,4,14,England,60,62,56,1958,2,3,25.82,23.46,183517,183517,183517,172249
2,17,Ligue 1,2,18,France,65,65,64,62,9,9,27.09,25.39,181499,183887,209381,183887
2,16,Ligue 1,1,18,France,71,70,71,294,10,10,26,25.45,201143,201103,177576,201103
2,63,Super League,1,22,Greece,71,71,71,280,10,15,26.36,24.67,150309,199060,184815,207679
2,41,Eliteserien,1,36,Norway,67,66,68,1755,8,18,25.09,23.96,15800,179537,179537,152480
2,66,Ekstraklasa,1,37,Poland,64,64,65,874,5,14,29,26.63,180440,148434,203543,203543
2,65,Premier Division,1,25,Republic of Ireland,57,57,57,111285,2,14,28.45,25.29,195013,169631,169631,169631
2,65,Premier Division,1,25,Republic of Ireland,58,58,57,306,2,15,27.27,24.84,184980,157128,180351,157128
2,56,Allsvenskan,1,46,Sweden,63,60,62,320,8,17,24.45,23.5,159001,207593,210801,20761
2,56,Allsvenskan,1,46,Sweden,66,66,67,710,7,19,25.09,24.24,44960,190799,168317,190799
2,189,Super League,1,47,Switzerland,62,63,58,894,3,7,24.64,25.74,158911,186415,216688,186415
2,68,Super Lig,1,48,Turkey,73,76,70,326,13,17,25.27,25.14,186953,163794,188274,163794
2,65,Premier Division,1,25,Republic of Ireland,55,57,55,563,2,13,24.45,22.38,186838,210263,201484,204383
2,53,La Liga,1,45,Spain,78,77,78,457,16,15,27.73,24.39,105803,106213,106231,189354
2,54,La Liga,2,45,Spain,71,71,70,481,13,14,27.82,24.89,154472,202646,115909,192790
2,53,La Liga,1,45,Spain,73,76,72,242,12,12,25.82,23.43,165536,192492,199561,192492
2,53,La Liga 2,1,45,Spain,73,74,72,241,15,16,27.55,24.3,135697,158144,135697,158144
2,54,La Liga,2,45,Spain,67,67,67,483,13,13,26,24.39,111137,111137,111137,220834
2,54,La Liga 2,2,45,Spain,64,62,62,448,11,12,24.64,24.37,190283,204992,204992,219708
2,53,La Liga,1,45,Spain,77,78,76,448,15,16,26.36,24.48,146482,146482,146482,190286
2,54,La Liga 2,2,45,Spain,67,63,66,462,10,11,25.36,23.25,112552,202142,202142,168379
2,53,La Liga,1,45,Spain,78,79,76,483,16,17,24.18,22.71,189513,189513,198329,189513
2,54,La Liga 2,2,45,Spain,72,68,71,459,12,11,28.27,26.04,146932,173414,207732,189510
2,54,La Liga,2,45,Spain,65,64,66,467,4,11,29.91,26.69,172287,184417,187091,110301
2,53,La Liga 2,1,45,Spain,71,73,71,463,5,7,26.36,27.43,146937,193421,193421,193421
2,53,La Liga 2,1,45,Spain,72,72,72,1853,10,10,25.91,24.62,110368,110368,110377,203843
2,54,La Liga,2,45,Spain,68,70,67,260,7,9,28.55,26.25,134963,171190,146058,146058
2,54,La Liga 2,2,45,Spain,65,65,64,462,8,8,27.64,25.82,50429,196942,50429,50429
2,54,La Liga,2,45,Spain,70,68,70,448,13,12,28.82,24.46,146974,206651,170773,173325
2,53,La Liga,1,45,Spain,74,73,74,1860,13,10,25.91,24.84,159172,159172,159172,159172
2,53,La Liga,1,45,Spain,78,79,78,449,17,17,26.09,24.09,172316,189156,207664,205192
2,53,La Liga,1,45,Spain,75,77,75,461,13,13,26,23.85,184120,184120,184120,110026
2,19,2. Bundesliga,1,21,Germany,74,73,71,175,13,13,25.27,24.3,121185,192128,173608,192128
2,20,3. Liga,2,21,Germany,64,64,64,112172,6,7,27.64,25.7,150382,150417,191261,211746
2,20,3. Liga,2,21,Germany,64,63,64,111235,4,5,27.45,24.89,186579,184816,186579,184816
2,65,Premier Division,1,25,Republic of Ireland,57,59,57,306,2,14,27.73,24.24,169191,200263,165578,200263
2,32,Serie B,2,27,Italy,65,66,63,46,3,6,23.45,22.07,209665,173162,219988,173160
2,54,La Liga 2,2,45,Spain,65,64,64,481,9,11,27,25.04,112778,142451,199490,142451
2,53,La Liga 2,1,45,Spain,75,76,74,481,15,10,25.55,25,177573,213516,198706,198706
2,350,Pro League,1,183,Saudi Arabia,70,71,69,112139,8,20,26.82,25.7,168888,185000,168888,185000
2,350,Pro League,1,183,Saudi Arabia,67,74,62,112387,7,19,23.64,24.5,174003,184704,209001,184704
2,17,Ligue 2,2,18,France,65,64,65,58,10,9,29.45,25.57,50955,50955,158627,50955
2,50,Premiership,1,42,Scotland,63,71,64,631,5,11,25.27,24.22,11595,193083,193552,213884
2,50,Premiership,1,42,Scotland,61,63,59,620,2,10,26.27,24.15,49223,49223,49223,49223
2,10,Eredivisie,1,34,Netherlands,65,64,64,1913,6,8,25,24.12,215942,210423,215701,210423
2,10,Eredivisie,1,34,Netherlands,66,66,66,245,8,12,25.55,23.35,200231,200231,200231,164626
2,308,Liga Portugal,1,38,Portugal,66,66,66,1889,9,13,25.27,24.24,192252,177993,210533,177993
2,4,Jupiler Pro League,1,7,Belgium,66,64,65,232,6,10,27.27,24.11,202416,186719,157495,173097
2,4,Jupiler Pro League,1,7,Belgium,70,73,71,232,9,16,26.91,23.37,156535,216428,156535,216428
2,4,Jupiler Pro League,1,7,Belgium,68,68,66,231,9,15,25.27,24.78,176009,176009,168732,168732
2,4,Jupiler Pro League,1,7,Belgium,65,64,64,239,5,11,26,25.09,152371,200178,208508,200178
2,4,Jupiler Pro League,1,7,Belgium,65,65,64,231,6,6,26.27,25.54,175896,163429,163429,163429
2,39,Major League Soccer,1,95,United States,65,61,65,111651,7,16,25.91,25.3,164839,167669,167669,167669
2,39,Major League Soccer,1,95,United States,66,68,63,689,6,16,26.27,25.96,165169,52305,46727,52305
2,39,Major League Soccer,1,95,United States,66,74,63,688,9,17,30.36,27,1625,1625,1625,1625
2,39,Major League Soccer,1,95,United States,66,65,64,689,6,13,26.18,25.96,184189,178284,178284,206631
2,39,Major League Soccer,1,95,United States,64,65,64,687,6,15,27.36,26.69,164610,164610,190937,221503
2,39,Major League Soccer,1,95,United States,65,66,63,111065,6,12,25.18,25.26,212718,179787,212718,179787
2,39,Major League Soccer,1,95,United States,66,67,64,698,6,13,25.91,25.07,206662,135430,174746,202858
2,39,Major League Soccer,1,95,United States,67,66,67,693,7,10,26.73,25.21,190772,190557,207858,190557
2,39,Major League Soccer,1,95,United States,69,69,66,111070,8,19,27.73,26.57,330,193223,330,193223
2,39,Major League Soccer,1,95,United States,65,64,62,695,7,14,27.27,26,49905,49905,49905,49905
2,56,Allsvenskan,1,46,Sweden,63,63,62,319,8,17,27.91,25.57,198455,198455,156681,198455
2,56,Allsvenskan,1,46,Sweden,61,62,59,111835,6,12,24.55,23.78,23823,211177,187915,176793
2,56,Allsvenskan,1,46,Sweden,61,59,61,702,5,12,27.09,24.62,172190,181013,181013,181013
2,56,Allsvenskan,1,46,Sweden,62,63,63,433,7,17,26.09,24.87,202060,176928,187899,207559
2,56,Allsvenskan,1,46,Sweden,64,64,62,319,6,13,28.82,24.48,46740,46740,46740,46740
2,68,Super Lig,1,48,Turkey,71,75,70,327,12,15,25.45,24.86,189105,143587,190024,189105
2,308,Liga Portugal,1,38,Portugal,69,68,68,1892,8,10,24.64,23.52,205340,207412,207412,207412
2,80,Bundesliga,1,4,Austria,63,59,62,254,6,14,23.45,22.48,156438,190597,190075,190075
2,1,Superliga,1,13,Denmark,70,66,70,269,10,20,24.82,24.38,193283,193283,201943,181343
2,1,Superliga,1,13,Denmark,66,67,66,1516,8,17,24.82,23.56,131444,138729,184143,205929
2,65,Premier Division,1,25,Republic of Ireland,58,58,57,1572,2,15,24.27,23.88,199010,202465,202465,189809
2,65,Premier Division,1,25,Republic of Ireland,53,53,52,111132,1,10,23.55,22.64,190033,163365,163365,198469
2,66,Ekstraklasa,1,37,Poland,66,65,65,1871,9,20,26.18,24.46,155289,210129,199761,210129
2,66,Ekstraklasa,1,37,Poland,62,63,62,420,7,13,28.18,25.52,208631,106436,208631,208631
2,189,Super League,1,47,Switzerland,66,70,61,322,8,18,26.45,24.41,177022,150655,150655,161787
2,189,Super League,1,47,Switzerland,70,71,72,894,11,20,26.73,25.19,183346,210047,210047,177673
2,189,Super League,1,47,Switzerland,66,69,63,110770,5,11,26.27,24.33,158282,184549,158912,184549
2,189,Super League,1,47,Switzerland,62,62,57,322,4,12,27,26.17,167940,216534,204957,216534
2,189,Super League,1,47,Switzerland,66,67,67,896,8,17,26,24.56,45083,19975,212637,19975
2,41,Eliteserien,1,36,Norway,62,64,61,920,6,11,25.45,24.56,51116,18289,18289,183945
2,41,Eliteserien,1,36,Norway,62,64,61,298,3,11,27.82,24.96,164577,49502,207596,49502
2,41,Eliteserien,1,36,Norway,64,65,63,920,7,17,26.64,24.56,20057,200770,197984,172280
2,41,Eliteserien,1,36,Norway,64,66,62,299,8,19,25,24.2,104476,104476,221553,152463
2,41,Eliteserien,1,36,Norway,66,65,66,920,6,15,25.18,24.32,165564,50531,197391,50531
2,78,Friendly International,,167,Korea Republic,71,71,67,1415,11,,26.09,25.96,155355,200104,136553,200104
2,83,K League 1,1,167,Korea Republic,63,64,62,983,4,12,25.91,25.29,202952,174210,174210,174210
2,83,K League 1,1,167,Korea Republic,66,67,67,983,7,20,27.45,26.57,184336,155625,193847,155625
2,83,K League 1,1,167,Korea Republic,66,68,64,982,5,16,26.64,25.32,176348,176348,199302,176348
2,353,Liga Profesional,1,52,Argentina,72,72,71,1877,11,20,27.82,25.2,191104,161636,161636,161636
2,341,Liga MX,1,83,Mexico,68,68,67,1880,5,11,26.27,24.5,156373,156373,224100,198632
2,341,Liga MX,1,83,Mexico,69,71,68,1970,9,17,26.91,24.27,177051,174551,174551,196143
2,78,Friendly International,,14,England,80,82,78,1337,16,,24.18,24.48,54050,163631,54050,163631
2,78,Friendly International,,4,Austria,73,73,72,1337,9,,26,25.61,139313,173474,197445,173474
2,78,Friendly International,,7,Belgium,81,76,80,105035,13,,24.73,25.78,139720,192985,183277,192985
2,78,Friendly International,,9,Bulgaria,67,66,66,1356,10,,28.18,27,202756,211041,169435,185072
2,78,Friendly International,,12,Czech Republic,74,73,72,1337,11,,27.45,27.22,48940,8473,168974,181271
2,78,Friendly International,,13,Denmark,74,75,74,1363,11,,25.09,25.65,158676,190460,167706,190460
2,78,Friendly International,,17,Finland,69,68,68,1363,6,,25.91,25.35,156142,156142,156142,156142
2,78,Friendly International,,18,France,81,85,80,1343,18,,25.73,26.04,167948,177326,165153,177326
2,78,Friendly International,,21,Germany,84,83,79,1318,20,,24.64,24.91,167495,188350,189596,182521
2,78,Friendly International,,22,Greece,74,76,75,1365,14,,26.64,26.17,150309,182744,183483,182744
2,78,Friendly International,,27,Italy,79,79,78,1335,18,,26.36,26.04,53302,184344,53302,192841
2,78,Friendly International,,36,Norway,72,65,70,1363,9,,23.36,24.65,152996,187043,187043,177279
2,78,Friendly International,,37,Poland,74,75,72,1337,11,,25.18,26.13,188545,197242,188545,186347
2,78,Friendly International,,38,Portugal,80,83,79,1362,16,,27.64,26.39,20801,20801,20801,139068
2,78,Friendly International,,25,Republic of Ireland,74,75,73,1318,10,,28.36,28.22,330,198489,330,155885
2,78,Friendly International,,39,Romania,72,71,71,1327,10,,27.73,27.17,147921,212047,147921,211061
2,78,Friendly International,,40,Russia,77,78,75,1353,12,,27.55,26.39,148122,112542,109416,206225
2,78,Friendly International,,42,Scotland,73,75,69,1318,9,,26.73,27.83,134820,162886,163209,155946
2,78,Friendly International,,44,Slovenia,72,73,67,1343,10,,27.73,26.78,139274,202061,176102,200647
2,78,Friendly International,,45,Spain,83,86,82,1354,20,,27.09,25.74,5479,155862,162895,168542
2,78,Friendly International,,46,Sweden,75,77,74,1331,11,,28.64,27.7,41236,41236,41236,31831
2,78,Friendly International,,47,Switzerland,76,75,76,1322,11,,25.55,24.87,158810,193348,193348,193352
2,78,Friendly International,,48,Turkey,78,77,77,1338,13,,27.27,26.48,143745,143745,143745,143745
2,78,Friendly International,,50,Wales,73,64,72,1318,8,,24.73,25.74,163824,173731,173731,173731
2,78,Friendly International,,52,Argentina,81,84,79,1370,19,,27.73,28.39,158023,183898,158023,183898
2,78,Friendly International,,54,Brazil,82,82,82,1369,20,,26.09,25.57,190871,188152,190871,188152
2,78,Friendly International,,58,Paraguay,73,77,69,1369,8,,31.73,30.61,209092,209098,209100,209090
2,78,Friendly International,,60,Uruguay,76,78,76,1369,14,,27.82,29,182493,49072,179813,49072
2,78,Friendly International,,83,Mexico,74,76,71,1387,15,,26.82,26.39,171897,171897,158543,170369
2,78,Friendly International,,95,United States,74,76,71,1386,13,,28.55,26.83,155897,155897,155897,190557
2,78,Friendly International,,103,Cameroon,75,76,75,111112,12,,26.91,25.65,164959,164959,199069,185090
2,78,Friendly International,,195,Australia,69,76,66,111473,11,,26.45,25.3,181483,181483,181483,51813
2,56,Allsvenskan,1,46,Sweden,63,65,63,112072,7,15,26.91,23.85,181379,156704,181379,156704
2,1,Superliga,1,13,Denmark,64,66,62,1447,5,13,25,24.37,31624,216286,205465,216286
2,1,Superliga,1,13,Denmark,62,64,61,1445,5,9,28.09,25.65,120326,223694,52279,223694
2,41,Eliteserien,1,36,Norway,63,64,60,922,5,10,27.27,24.61,167159,198811,31834,198811
2,68,Super Lig,1,48,Turkey,67,68,63,101041,4,10,26.82,25.39,47860,144163,198428,172418
2,41,Eliteserien,1,36,Norway,63,64,62,300,5,6,25.55,24.84,33983,187865,201285,187865
2,41,Eliteserien,1,36,Norway,60,62,57,919,5,8,26.27,23.63,45318,45318,45318,45318
2,83,K League 1,1,167,Korea Republic,64,68,61,1474,5,17,27,26.29,136631,188043,191910,188043
2,83,K League 1,1,167,Korea Republic,64,65,65,1473,6,19,27.09,25.61,155330,165867,202748,165867
2,83,K League 1,1,167,Korea Republic,63,67,62,1477,2,10,28.45,25.96,191953,199264,180289,199264
2,83,K League 1,1,167,Korea Republic,62,62,62,983,2,12,25.45,24.68,155325,205065,205065,205065
2,83,K League 1,1,167,Korea Republic,67,68,64,1475,7,17,27.36,26.36,136553,187447,136553,194135
2,83,K League 1,1,167,Korea Republic,63,63,60,983,4,13,26.73,25.25,187171,200601,176901,200601
2,61,League One,4,14,England,60,65,52,1801,4,6,24.45,24.17,14607,211045,53755,211045
2,1,Superliga,1,13,Denmark,66,62,62,272,7,16,23.27,24.3,207633,49756,199752,199752
2,41,Eliteserien,1,36,Norway,62,64,61,300,5,11,26.91,24.64,51694,165447,205214,165447
2,17,Ligue 2,2,18,France,65,64,64,1814,7,8,26.18,25.79,49441,156649,189099,156649
2,65,Premier Division,1,25,Republic of Ireland,54,55,53,837,1,10,26.27,24.48,201475,208582,149827,208582
2,189,Super League,1,47,Switzerland,61,62,59,900,6,13,27.27,25.46,199284,207876,199284,186500
2,17,Ligue 1,2,18,France,63,63,62,210,7,9,25.91,22.96,192725,173040,201145,173040
2,32,Serie B,2,27,Italy,65,65,66,111974,8,8,25.27,23.96,184448,183437,154543,220054
2,31,Serie A,1,27,Italy,68,69,67,110374,8,9,24.73,23.83,51720,188876,51720,51720
2,4,Jupiler Pro League,1,7,Belgium,64,63,64,231,6,12,27.18,23.58,47014,223666,47014,223666
2,50,Premiership,1,42,Scotland,61,61,60,78,2,10,24.73,22.53,122586,217825,122586,217825
2,41,Eliteserien,1,36,Norway,64,66,63,417,6,12,25.36,23.88,176720,193053,194149,193053
2,1,Superliga,1,13,Denmark,64,64,65,112425,4,12,26.09,24.28,18708,221924,221924,221924
2,1,Superliga,1,13,Denmark,62,64,59,819,6,13,25,22.54,10824,199792,183593,199792
2,61,League One,4,14,England,62,61,60,17,8,11,25.27,25.36,163584,205970,120313,205970
2,14,Championship,2,14,England,73,71,72,94,13,10,27.64,25.7,152536,149791,172960,149791
2,14,League One,2,14,England,69,70,68,19,9,11,24.82,23.83,173752,200820,172937,200820
2,60,Premier League,3,14,England,63,62,60,1807,8,9,26.73,24.04,152735,151213,151213,151213
2,14,Championship,2,14,England,70,70,68,1793,8,10,26.55,25.33,183125,143746,183125,143746
2,13,Premier League,1,14,England,70,69,70,3,9,10,27.36,24.79,139368,186345,178287,162891
2,14,Championship,2,14,England,65,67,64,1794,3,5,28.09,25.68,163865,171620,161836,171620
2,60,League Two,3,14,England,63,63,63,1938,6,6,24.73,23.41,138830,192479,194122,192479
2,13,Premier League,1,14,England,73,72,72,1808,11,10,27.09,26.42,181483,181483,181483,152514
2,60,Championship,3,14,England,64,65,63,95,8,9,23.27,22.78,184924,186849,163774,186849
2,60,Championship,3,14,England,63,64,63,1926,6,8,24.27,24.96,173518,162900,169498,162900
2,60,League Two,3,14,England,60,60,59,1934,4,5,23.91,23.29,191126,214634,191126,214634
2,60,League Two,3,14,England,62,62,63,127,4,5,23.64,23.29,192496,169474,188720,205582
2,60,League Two,3,14,England,62,64,62,8,5,6,25.82,23.58,178218,169619,202825,152876
2,13,Championship,1,14,England,75,76,74,109,14,13,26.55,25.45,169596,163303,172962,163303
2,14,Championship,2,14,England,67,67,66,1794,7,10,25.55,24.2,139866,167841,188996,167841
2,14,Premier League,2,14,England,68,69,67,1799,7,9,25.91,25.13,53604,178556,173859,178556
2,16,Ligue 1,1,18,France,72,76,72,59,13,12,25.27,23.03,177974,199451,199451,199451
2,17,Ligue 2,2,18,France,64,64,64,73,2,5,27.82,27.3,3189,3189,3189,183905
2,17,Ligue 2,2,18,France,64,65,64,1530,3,6,26.64,24.08,140462,215760,194994,215760
2,17,Ligue 2,2,18,France,63,64,62,1530,6,6,28.64,25.35,193147,178365,178365,178365
2,17,Ligue 1,2,18,France,64,65,63,1819,7,6,24.91,24.11,179931,201257,197480,209781
2,16,Ligue 2,1,18,France,75,74,74,66,15,17,27,24.72,163530,188696,176481,192722
2,17,Ligue 2,2,18,France,65,67,64,68,10,10,25.09,23.44,116368,194717,116368,194717
2,19,Bundesliga,1,21,Germany,74,75,74,169,12,13,25,24.25,188943,175894,193408,175894
2,20,Bundesliga,2,21,Germany,67,68,65,166,8,8,25.09,24.11,215886,215886,104101,180174
2,20,2. Bundesliga,2,21,Germany,66,66,65,29,7,8,26.55,24.61,203835,192560,192560,192560
2,31,Serie B,1,27,Italy,72,72,71,110556,11,14,26.45,25.18,137410,198683,178311,52829
2,31,Serie A,1,27,Italy,72,73,71,48,14,12,26.55,22.56,105474,105474,188616,188616
2,31,Serie B,1,27,Italy,70,68,68,110364,12,13,26.91,25.57,152922,152922,211110,211110
2,32,Serie B,2,27,Italy,67,68,65,112237,10,10,25.45,25.36,140483,172412,203327,172412
2,32,Serie B,2,27,Italy,67,68,65,1843,11,9,24.91,23.54,170565,1210,189053,203672
2,53,La Liga 2,1,45,Spain,74,73,73,461,14,9,28.27,26.07,111022,204757,146121,193176
2,54,La Liga 2,2,45,Spain,63,64,61,1853,5,9,25.82,24.93,198375,193757,223266,205070
2,53,La Liga,1,45,Spain,72,72,72,243,14,13,27.64,25.73,135742,147305,201403,198950
2,53,La Liga,1,45,Spain,72,73,71,573,11,9,25.73,23.87,51771,209989,142454,202379
2,53,La Liga 2,1,45,Spain,71,72,69,110832,9,7,25.82,24.88,146104,189477,189121,216796
2,66,Ekstraklasa,1,37,Poland,67,70,66,873,9,20,26.73,25.15,199718,199718,199718,177719
2,66,Ekstraklasa,1,37,Poland,65,64,65,110747,7,17,28.55,23.89,105827,153148,105827,188546
2,353,Liga Profesional,1,52,Argentina,72,74,71,1877,14,20,27.27,25,172018,158969,196150,205510
2,353,Liga Profesional,1,52,Argentina,72,73,72,1876,14,20,27.36,25.13,140274,165517,200875,216055
2,341,Liga MX,1,83,Mexico,69,68,69,1879,10,19,29.73,28.07,2819,170912,157412,195031
2,341,Liga MX,1,83,Mexico,70,71,70,1880,11,20,28.09,25.07,152916,190536,158543,178322
2,341,Liga MX,1,83,Mexico,67,68,65,1879,11,20,29.18,25.63,139224,156112,139224,156112
2,341,Liga MX,1,83,Mexico,66,65,66,1879,9,19,29.18,25.87,140256,179731,142603,142603
2,341,Liga MX,1,83,Mexico,68,68,65,1879,7,18,27.36,24.9,140222,143135,216530,190523
2,63,Super League,1,22,Greece,70,71,69,280,13,18,26.82,24,168621,172140,176733,168621
2,78,Friendly International,,23,Hungary,69,69,67,1356,7,,27.09,25.61,182879,143746,182879,182879
2,308,Liga Portugal,1,38,Portugal,68,67,65,1896,12,15,23.82,23.8,199626,199626,199626,222457
2,308,Liga Portugal,1,38,Portugal,68,67,67,1887,6,9,25.82,24.5,205122,20199,20199,3246
2,308,Liga Portugal,1,38,Portugal,67,67,65,665,5,12,25.55,24.84,192635,192635,192635,192635
2,308,Liga Portugal,1,38,Portugal,69,68,69,1893,11,14,24.09,22.44,189221,199840,192671,199840
2,308,Liga Portugal,1,38,Portugal,68,68,64,744,9,11,25.64,25.17,139070,198031,139070,198031
2,308,Liga Portugal,1,38,Portugal,67,67,67,1891,10,14,24.36,24.37,200888,205524,224116,194956
2,308,Liga Portugal,1,38,Portugal,73,74,71,1887,13,17,26.18,24.34,20556,219181,20556,219181
2,308,Liga Portugal,1,38,Portugal,66,67,64,100741,7,15,24.64,25.4,159447,223339,209719,223829
2,308,Liga Portugal,1,38,Portugal,68,69,66,100741,2,7,26.36,25.11,223473,213746,202680,224075
2,308,Liga Portugal,1,38,Portugal,67,66,66,1887,8,14,23.91,24.74,157954,186568,186568,186568
2,10,Eredivisie,1,34,Netherlands,68,66,67,245,9,13,23.36,22.86,158800,188071,158800,188071
2,10,Eredivisie,1,34,Netherlands,66,66,64,1907,7,11,23.36,24.33,28050,219755,203377,219755
2,10,Eredivisie,1,34,Netherlands,69,69,67,245,10,15,23.36,22.78,193198,193198,193198,198129
2,10,Eredivisie,1,34,Netherlands,65,67,64,1904,5,11,24.27,24.25,169158,200233,189723,200233
2,10,Eredivisie,1,34,Netherlands,71,70,71,247,11,16,23,22.08,204519,200275,198175,200275
2,10,Eredivisie,1,34,Netherlands,71,71,69,1908,10,16,23.91,22.91,192904,193158,198640,198640
2,10,Eredivisie,1,34,Netherlands,66,66,65,1915,9,14,22.55,21.31,208461,183564,208461,209782
2,10,Eredivisie,1,34,Netherlands,67,75,65,100632,7,10,24,22.96,209371,209378,202459,202744
2,10,Eredivisie,1,34,Netherlands,67,66,67,1913,9,13,25.09,23.68,199584,162335,162335,162335
2,14,League One,2,14,England,71,69,68,4,13,11,26.73,26.4,11346,51513,193983,51513
2,60,Championship,3,14,England,64,65,64,1934,6,9,25.09,22.36,19376,189619,169078,169078
2,60,League Two,3,14,England,61,61,63,1955,4,6,25.45,23.44,186449,177692,183460,186449
2,61,Premier League,4,14,England,59,59,57,1795,5,6,26,25.85,19405,189285,189285,189285
2,60,League Two,3,14,England,62,62,62,1940,4,5,25.36,24.07,139459,186558,187761,201887
2,14,Premier League,2,14,England,64,61,62,15,4,6,23.91,24.13,152643,184471,194138,205351
2,14,League One,2,14,England,65,66,64,1801,7,10,26.82,24.56,164465,164465,112362,192788
2,60,League One,3,14,England,61,62,61,1806,4,5,27.55,25.71,163158,169461,177414,172928
2,61,Championship,4,14,England,60,60,59,143,3,6,23,23.17,200840,200840,179860,200291
2,61,League One,4,14,England,60,60,60,1938,2,4,26.09,24.89,138249,19869,53778,19869
2,60,League One,3,14,England,63,62,62,142,7,8,22.64,21.43,156164,193849,204860,193849
2,61,League One,4,14,England,58,59,58,1935,3,5,23.45,25.17,118662,188095,118662,188095
2,60,League Two,3,14,England,60,62,58,1951,5,6,21.64,21.61,192695,190682,190583,190682
2,60,League Two,3,14,England,61,62,60,1954,5,6,21.55,22.25,167691,201446,187077,186155
2,61,League One,4,14,England,58,60,59,1934,2,4,26,23.38,188200,53826,53826,53826
2,60,League Two,3,14,England,62,62,56,14,6,6,24.55,25.07,13739,139349,201105,139349
2,60,League One,3,14,England,62,62,61,1798,7,7,21.36,22.25,192811,192811,220943,198235
2,14,Championship,2,14,England,66,66,66,1804,5,8,24.91,23.83,169575,186559,202686,186559
2,61,League Two,4,14,England,58,58,57,1924,2,2,24.82,25.29,53367,53367,211415,189281
2,61,League Two,4,14,England,60,59,59,12,3,5,25.55,23.67,162982,213519,139345,213519
2,14,Premier League,2,14,England,67,66,66,17,5,6,26.55,25.03,180635,7612,196978,7612
2,61,League One,4,14,England,59,59,59,1930,2,3,25.45,23.85,140085,189629,218592,189629
2,61,League One,4,14,England,61,61,58,1955,4,4,26.36,25.54,177971,210952,150729,166841
2,61,League Two,4,14,England,59,59,58,1949,2,3,26.09,25.3,163147,169947,184663,170069
2,60,League Two,3,14,England,61,62,61,1952,5,7,26.82,25.59,138429,138429,189808,215649
2,61,League One,4,14,England,61,64,61,1934,4,4,25.45,23.89,166862,203048,200312,212454
2,13,Championship,1,14,England,73,72,73,8,11,10,26.73,25.39,163761,54033,54033,54033
2,61,League Two,4,14,England,60,59,59,1935,4,5,23,23.33,152505,163051,169700,169700
2,60,League Two,3,14,England,60,60,59,1945,4,5,23.64,24.11,118646,213147,118646,118646
2,60,League One,3,14,England,65,66,64,373,5,6,26.64,25,887,212358,163856,203840
2,13,Championship,1,14,England,75,77,74,1961,14,10,26.36,24.61,163824,189165,189963,189165
2,14,Championship,2,14,England,72,71,71,1960,8,11,25.18,24.97,140498,162314,162314,162314
2,341,Liga MX,1,83,Mexico,69,67,70,1032,7,14,28.73,26.67,164079,164079,164079,156375
2,10,Eredivisie,1,34,Netherlands,64,65,62,246,4,4,24.73,23.28,184657,185171,193669,156653
2,4,Jupiler Pro League,1,7,Belgium,69,70,69,110913,8,14,26.45,24.89,135891,163370,52340,163370
2,54,La Liga 2,2,45,Spain,66,64,66,462,3,4,29,26.33,3467,3467,3467,145274
2,32,Serie B,2,27,Italy,64,63,65,48,4,5,25.36,24.08,203654,205654,203654,188487
2,83,K League 1,1,167,Korea Republic,62,63,62,1474,1,7,26.45,26,191679,187073,187345,199165
2,308,Liga Portugal,1,38,Portugal,70,68,69,1889,7,13,27.09,25,183722,196896,196896,196896
2,19,Bundesliga,1,21,Germany,75,76,73,36,13,13,24.27,23.84,176687,165174,201942,189251
2,19,2. Bundesliga,1,21,Germany,68,68,67,31,7,8,26.55,25.14,157703,211815,177896,177896
2,4,Jupiler Pro League,1,7,Belgium,67,69,65,100081,8,15,25.82,23.33,143274,172208,199614,172208
2,80,Bundesliga,1,4,Austria,60,59,61,191,2,9,25.55,25.12,152107,213302,223894,173480
2,61,League One,4,14,England,59,59,59,1928,2,2,26.36,23.58,19117,176357,193028,189163
2,54,La Liga 2,2,45,Spain,65,64,65,110062,6,6,29.55,25.82,111105,111105,157279,156012
2,335,Primera Division,1,55,Chile,70,71,70,110980,7,19,27.91,25.62,174542,205410,198243,205410
2,61,League Two,4,14,England,59,58,59,1945,4,6,24.64,24.2,200667,200667,193603,200667
2,4,Jupiler Pro League,1,7,Belgium,66,68,64,15005,6,13,25.09,23.88,176035,176035,208017,171152
2,19,Bundesliga,1,21,Germany,73,72,72,33,10,11,28.09,24.9,148839,137449,148839,137351
2,10,Eredivisie,1,34,Netherlands,64,64,63,1971,3,3,22.09,22.25,184242,184242,207741,223697
2,10,Eredivisie,1,34,Netherlands,65,65,63,1914,5,8,24.27,22.67,148645,193157,193157,193157
2,10,Eredivisie,1,34,Netherlands,66,67,65,1908,7,10,23.45,24.13,139871,139871,139871,139871
2,308,Liga Portugal,1,38,Portugal,65,65,63,1898,1,6,27.55,26.36,18073,190356,157955,217544
2,67,Premier League,1,40,Russia,76,79,74,100767,15,17,28.45,26.63,180714,167549,157960,147621
2,67,Premier League,1,40,Russia,76,78,73,315,16,20,26.82,24.87,148212,187366,187492,31831
2,67,Premier League,1,40,Russia,66,69,61,312,7,12,28.09,26.61,206136,206136,147251,147251
2,67,Premier League,1,40,Russia,77,77,77,100767,17,20,26.73,25.07,20800,189362,189362,189362
2,50,Premiership,1,42,Scotland,63,63,64,181,5,10,29.36,26.24,49214,193728,140445,193728
2,50,Premiership,1,42,Scotland,61,64,58,82,5,11,24.45,23.29,189184,201368,201368,201368
2,54,La Liga 2,2,45,Spain,66,66,65,480,6,4,29.45,26.19,110843,145020,170569,145020
2,54,La Liga 2,2,45,Spain,63,63,61,1860,2,5,26.18,25.44,214639,198300,179529,179529
2,68,Super Lig,1,48,Turkey,67,69,67,326,9,10,27.73,27.25,143799,182133,182133,165554
2,68,Super Lig,1,48,Turkey,65,67,62,742,11,14,27.36,25.18,148203,208882,143809,163664
2,68,Super Lig,1,48,Turkey,65,65,64,111988,11,13,26.45,24.75,125104,170796,200911,170796
2,68,Super Lig,1,48,Turkey,68,70,64,111340,4,11,26.73,26.11,45472,45472,177278,201326
2,68,Super Lig,1,48,Turkey,67,67,67,101024,9,9,26.91,26.25,143657,224096,166126,224096
2,68,Super Lig,1,48,Turkey,69,71,68,436,4,8,27.45,25.85,144172,190582,190582,175673
2,68,Super Lig,1,48,Turkey,70,69,72,436,12,13,27.91,25.96,171488,171488,187939,187939
2,332,Premier League,1,49,Ukraine,76,77,76,325,14,20,26.73,25.5,139997,139997,139997,139997
2,353,Liga Profesional,1,52,Argentina,69,72,68,101084,8,18,25.91,25.04,215328,215233,215334,215233
2,353,Liga Profesional,1,52,Argentina,65,65,64,101083,5,10,28.09,24.1,153066,153066,153066,214168
2,353,Liga Profesional,1,52,Argentina,70,72,68,110093,11,20,27.82,25.67,142708,143610,142708,143610
2,353,Liga Profesional,1,52,Argentina,69,71,69,1013,11,18,26.36,22.62,142818,183897,184252,143025
2,335,Primera Division,1,55,Chile,65,66,65,110977,4,15,25.91,25.54,216314,213591,193412,213591
2,336,Liga BetPlay,1,56,Colombia,70,72,68,101103,8,20,26.91,26.54,214600,192342,192342,214609
2,336,Liga BetPlay,1,56,Colombia,69,68,69,101105,6,18,25.73,26.36,161663,214009,218687,214493
2,336,Liga BetPlay,1,56,Colombia,68,67,67,101105,6,19,26.09,24.18,159591,139043,168568,139043
2,336,Liga BetPlay,1,56,Colombia,67,70,67,101100,5,19,26.64,24.54,143133,166076,214206,220522
2,336,Liga BetPlay,1,56,Colombia,68,68,67,101105,5,18,26.45,25.93,139058,139058,214350,139058
2,336,Liga BetPlay,1,56,Colombia,68,67,67,101100,9,20,28.55,25.14,176900,176900,176900,176900
2,336,Liga BetPlay,1,56,Colombia,67,66,66,101100,6,17,26.91,25.86,214508,142827,221311,221311
2,39,Major League Soccer,1,95,United States,66,65,61,111144,6,4,26.09,23.79,201869,214594,206630,143601
2,341,Liga MX,1,83,Mexico,67,65,67,1880,5,10,28,26.48,187350,207984,207768,156423
2,78,Friendly International,,34,Netherlands,80,83,76,1337,17,,26.18,26.13,7826,139869,7826,9014
2,54,La Liga,2,45,Spain,66,65,66,15021,6,5,28.18,25.04,111038,111038,111038,111038
2,54,La Liga 2,2,45,Spain,63,65,63,477,2,3,28.82,25.96,112476,188969,112562,191004
2,78,Friendly International,,35,Northern Ireland,70,71,69,1355,5,,28.36,27.57,151508,138289,201491,151508
2,67,Premier League,1,40,Russia,71,71,69,112218,11,14,26.36,25.96,154954,185373,201635,188808
2,353,Liga Profesional,1,52,Argentina,69,69,68,101085,12,20,26.55,24.53,142757,214968,152914,214968
2,67,Premier League,1,40,Russia,65,65,64,110227,2,5,27.45,26.68,202630,178113,148210,148137
2,67,Premier League,1,40,Russia,68,68,66,110089,12,13,27.27,24.88,195011,184999,156688,186347
2,341,Liga MX,1,83,Mexico,68,68,67,1032,9,15,27,23.48,139006,140038,190607,190607
2,341,Liga MX,1,83,Mexico,66,68,63,110152,3,7,28.18,27.23,156768,171183,157053,171183
2,341,Liga MX,1,83,Mexico,68,69,68,1880,8,12,27.18,25.07,140029,175253,186650,175253
2,341,Liga MX,1,83,Mexico,67,70,63,110781,4,6,27.55,26.47,190651,28130,28130,28130
2,341,Liga MX,1,83,Mexico,66,66,66,110145,4,8,30.36,27.33,181917,135708,135708,135708
2,20,3. Liga,2,21,Germany,65,66,65,1832,3,5,26.73,25.75,53073,1318,53073,1318
2,67,Premier League,1,40,Russia,70,70,68,315,13,16,27.36,24.64,148167,200094,143283,143283
2,67,Premier League,1,40,Russia,68,69,66,110089,12,11,26.91,24.77,143671,160593,208100,160593
2,67,Premier League,1,40,Russia,66,64,65,111264,12,10,27.73,26.36,148258,199906,198654,218253
2,61,League Two,4,14,England,55,55,56,357,1,2,24,21.96,173785,199499,211235,199499
2,17,Ligue 2,2,18,France,63,66,62,614,1,3,28.64,26.55,150447,150447,106560,150447
2,17,Ligue 2,2,18,France,62,64,61,1530,6,8,24.91,22.79,138933,138933,138933,138933
2,20,2. Bundesliga,2,21,Germany,67,68,67,28,10,10,24.73,24.5,183578,192321,186939,192321
2,32,Serie B,2,27,Italy,69,72,69,1843,13,12,26.09,24.89,171830,137460,149224,137460
2,31,Serie A,1,27,Italy,78,78,74,45,16,16,26.64,26.33,161956,24248,150418,161956
2,353,Liga Profesional,1,52,Argentina,65,66,64,110580,3,2,26.91,23.87,156662,215238,215309,211269
2,353,Liga Profesional,1,52,Argentina,67,66,67,110554,7,13,24.45,23.77,213581,215060,215060,215060
2,353,Liga Profesional,1,52,Argentina,70,71,68,110404,9,15,28,24.81,142800,214771,139799,214781
2,353,Liga Profesional,1,52,Argentina,72,71,73,110580,10,18,28.91,25.03,32120,110381,110381,110381
2,353,Liga Profesional,1,52,Argentina,65,66,64,111706,3,2,27,24.26,216015,216020,216018,216020
2,353,Liga Profesional,1,52,Argentina,67,68,67,110395,6,11,27.91,24.13,143904,208504,143904,208504
2,17,Ligue 2,2,18,France,67,68,64,65,11,11,27.82,24.4,5440,116391,51887,116391
2,20,2. Bundesliga,2,21,Germany,68,68,66,485,9,8,24.45,25.11,158394,183573,190738,189490
2,20,Bundesliga,2,21,Germany,64,65,64,110596,5,6,26.36,25.08,223142,193425,167437,179891
2,353,Liga Profesional,1,52,Argentina,64,63,63,111710,3,11,27.55,24.57,142670,182731,173246,218345
2,31,Serie A,1,27,Italy,73,74,72,1837,14,16,25.91,24.48,173204,202135,113045,202135
2,66,Ekstraklasa,1,37,Poland,61,61,60,1871,2,6,28.45,27.27,179579,155676,155676,165263
2,17,Ligue 2,2,18,France,65,65,64,57,9,8,25.36,24,51620,198817,158111,198817
2,353,Liga Profesional,1,52,Argentina,67,67,67,110396,6,13,28.64,24.4,143013,216036,216036,216051
2,20,2. Bundesliga,2,21,Germany,66,67,67,1824,6,7,27.09,25.89,177488,212096,157803,212096
2,20,2. Bundesliga,2,21,Germany,69,70,68,31,10,10,27,24.81,177129,136941,135190,136941
2,54,La Liga 2,2,45,Spain,64,65,64,15021,6,3,19.36,19.11,210520,204778,204778,206101
2,4,Jupiler Pro League,1,7,Belgium,66,65,66,239,8,13,25.73,23.59,155694,200073,190017,139572
2,32,Serie B,2,27,Italy,62,61,60,1848,8,6,25.09,23,161998,198952,220829,197784
2,32,Serie B,2,27,Italy,65,67,62,110556,6,8,25.82,23.64,188541,183924,199529,183924
2,66,Ekstraklasa,1,37,Poland,62,62,61,111083,3,6,26.64,25.11,148496,185117,185117,189658
2,66,Ekstraklasa,1,37,Poland,62,60,62,1871,3,11,24,22.78,182844,182844,213133,213133
2,66,Ekstraklasa,1,37,Poland,64,64,63,873,6,15,27.64,23.92,165724,165724,209453,165724
2,66,Ekstraklasa,1,37,Poland,61,61,61,1873,4,11,26.82,24.78,179055,179055,198046,198046
2,67,Premier League,1,40,Russia,62,62,62,100768,2,5,28.91,28.04,161260,192545,192545,223478
2,83,K League 1,1,167,Korea Republic,63,64,61,982,2,11,28,25.71,187182,136285,136285,136285
2,189,Super League,1,47,Switzerland,66,68,64,896,7,14,24.64,24.52,156227,191044,211321,188430
2,341,Liga MX,1,83,Mexico,69,68,69,1880,8,15,26.73,25.17,161938,186999,161938,186302
2,67,Premier League,1,40,Russia,63,61,60,110234,2,4,26.55,25.43,148255,192249,192249,192249
2,54,La Liga 2,2,45,Spain,67,67,66,242,2,2,30.36,26.6,157168,112628,157168,112628
2,53,La Liga,1,45,Spain,73,71,71,573,14,5,26.91,24.69,153934,174859,194209,174859
2,60,League Two,3,14,England,61,61,60,1808,5,4,27,25.04,138287,183530,134683,183530
2,4,Jupiler Pro League,1,7,Belgium,66,66,64,2007,5,8,25.73,24.56,200059,184896,165716,184896
2,31,Serie B,1,27,Italy,68,69,66,189,11,9,28,25.41,123597,137199,169387,137199
2,347,Premier League,1,140,South Africa,69,70,68,110930,7,19,27.27,26.32,165247,188585,203593,188826
2,347,Premier League,1,140,South Africa,70,69,69,110929,7,18,27.27,26.36,198832,188403,183891,183891
2,335,Primera Division,1,55,Chile,68,65,68,15029,6,18,26.82,24.89,171642,165784,214724,165784
2,335,Primera Division,1,55,Chile,66,69,65,110980,4,14,27.45,24.29,189889,213601,190918,214958
2,335,Primera Division,1,55,Chile,67,67,66,101097,4,17,27.45,23.93,214689,184890,176914,184890
2,335,Primera Division,1,55,Chile,61,61,60,110979,3,8,27.18,25.31,214067,214073,214073,214073
2,335,Primera Division,1,55,Chile,66,66,63,110980,3,14,25.82,24.04,213849,220201,220201,220201
2,335,Primera Division,1,55,Chile,71,70,70,15029,7,20,29.18,24.31,190155,179765,196073,179765
2,353,Liga Profesional,1,52,Argentina,67,70,65,110580,3,4,27.09,24.9,215260,215270,171879,215259
2,39,Major League Soccer,1,95,United States,67,67,65,694,8,14,28.18,25.39,185061,185061,185061,202184
2,39,Major League Soccer,1,95,United States,65,68,63,697,5,12,29.27,25.83,164507,176078,175386,176078
2,66,Ekstraklasa,1,37,Poland,61,59,61,1873,4,9,26.82,25.52,165033,176210,189240,165033
2,66,Ekstraklasa,1,37,Poland,63,65,62,420,2,8,27.64,26.11,165677,165677,165677,165677
2,66,Ekstraklasa,1,37,Poland,63,64,62,874,3,7,29.36,27.96,157698,105898,157698,204147
2,66,Ekstraklasa,1,37,Poland,65,64,64,110746,5,12,23.55,22.81,201132,222102,222102,188724
2,66,Ekstraklasa,1,37,Poland,64,69,63,1871,5,15,27.45,25,148423,194082,194083,148423
2,78,Friendly International,,140,South Africa,70,67,69,111130,9,,24.82,23.96,165247,193234,206126,183847
2,78,Friendly International,,59,Peru,71,73,70,111459,6,,28.36,27.61,25420,167305,25420,167305
2,78,Friendly International,,56,Colombia,78,82,74,1369,15,,27.45,27.04,24438,198710,198710,198710
2,78,Friendly International,,108,CÃ´te d'Ivoire,76,77,74,1395,12,,28.73,26.74,20289,20289,20289,20289
2,78,Friendly International,,111,Egypt,69,70,67,111099,10,,25.45,28,209331,139974,203701,219740
2,65,Premier Division,1,25,Republic of Ireland,53,52,53,306,1,9,22.45,21.56,200134,200134,200134,201421
2,39,Major League Soccer,1,95,United States,66,71,61,111651,6,5,23.82,26.21,152893,208838,197165,208838
2,39,Major League Soccer,1,95,United States,67,65,64,111144,6,4,26.91,26.81,162315,172114,172114,172114
2,39,Major League Soccer,1,95,United States,68,72,65,111140,7,15,28.91,27.32,179778,190971,155897,155897
2,20,Bundesliga,2,21,Germany,63,64,63,550,4,5,25.18,24.71,211703,211703,211703,211703
2,20,3. Liga,2,21,Germany,67,68,66,100409,7,8,24.64,24.73,161644,190765,195033,190765
2,67,Premier League,1,40,Russia,66,67,65,110234,4,8,26,26.2,174425,209327,209327,209911
2,16,Ligue 2,1,18,France,70,69,67,66,10,8,27.36,25.71,20933,172522,172522,172522
2,56,Allsvenskan,1,46,Sweden,60,63,60,702,5,10,26,24.46,183873,182004,139531,182004
2,65,Premier Division,1,25,Republic of Ireland,55,56,54,422,1,11,24.82,23.72,189810,189810,207491,181685
2,335,Primera Division,1,55,Chile,65,63,65,112534,4,15,26.45,24.5,146594,146594,178521,146594
2,335,Primera Division,1,55,Chile,65,62,65,101097,3,12,23.09,23.19,224137,214459,224137,214459
2,68,Super Lig,1,48,Turkey,70,71,68,327,9,4,26.55,24.93,167753,165520,165520,165520
2,68,Super Lig,1,48,Turkey,67,70,65,112889,3,10,29.45,26.04,171954,171954,188687,171954
2,80,Bundesliga,1,4,Austria,60,57,60,111821,5,9,25.55,24.61,103930,204755,103930,204755
2,351,A-League,1,195,Australia,62,65,59,111397,3,14,27.09,24.39,160295,143101,143101,143101
2,351,A-League,1,195,Australia,63,63,64,111397,3,18,29.36,25.42,199149,118054,202208,118054
2,351,A-League,1,195,Australia,62,61,62,111398,3,13,27.91,25.35,181472,155807,184952,155352
2,351,A-League,1,195,Australia,63,66,62,111400,4,20,28,24.57,176992,183272,176992,183272
2,351,A-League,1,195,Australia,62,62,61,111396,2,12,27.91,24.83,2172,135738,198478,181462
2,351,A-League,1,195,Australia,61,60,62,111395,1,10,27.36,24.16,163116,181466,162471,181466
2,351,A-League,1,195,Australia,62,66,61,112427,6,17,26.91,25.59,180728,182757,195540,195540
2,78,Friendly International,,53,Bolivia,65,68,63,111459,2,,27.73,26.78,153160,196912,188977,196912
2,78,Friendly International,,55,Chile,75,77,70,111108,13,,26.82,26.7,174543,176930,181872,184941
2,78,Friendly International,,57,Ecuador,72,74,68,111108,11,,28.45,27.52,167905,175253,167905,167905
2,78,Friendly International,,159,India,57,59,56,974,1,,25.82,25.52,190939,192424,190939,192424
2,78,Friendly International,,198,New Zealand,64,65,63,1415,4,,24.36,24.26,176285,169447,192123,211672
2,78,Friendly International,,61,Venezuela,71,74,70,111109,5,,29.27,27.96,209118,209134,209132,209118
2,4,Jupiler Pro League,1,7,Belgium,64,63,62,100081,4,4,24.36,23.71,223223,212169,212169,212169
2,83,K League 1,1,167,Korea Republic,62,62,61,1476,3,9,26.73,25.04,221760,221760,221760,221760
2,39,Major League Soccer,1,95,United States,67,70,63,111139,7,16,24.73,25.59,155887,155887,203613,155887
2,341,Liga MX,1,83,Mexico,64,65,63,1880,3,8,27.27,27.79,103938,191164,181989,191164
2,32,Serie A,2,27,Italy,63,65,61,112487,2,4,27,25.23,101904,190076,173132,190076
2,350,Pro League,1,183,Saudi Arabia,67,67,65,605,6,19,29,26.2,180690,177649,191409,177649
2,341,Liga MX,1,83,Mexico,68,68,66,110781,7,8,28.18,24.25,142942,156776,156776,156776
2,56,Allsvenskan,1,46,Sweden,60,61,58,710,2,12,22.55,22.73,213497,185438,185438,49573
2,353,Liga Profesional,1,52,Argentina,65,68,64,110398,3,8,25.09,23.57,213974,219553,171089,202069
2,353,Liga Profesional,1,52,Argentina,64,65,63,110554,3,2,25.82,25.39,223071,223245,221968,223245
2,353,Liga Profesional,1,52,Argentina,68,69,65,110554,4,9,27.55,24.93,215196,210363,169815,210363
2,336,Liga BetPlay,1,56,Colombia,66,66,65,112528,3,15,25.36,25.82,214132,214396,214396,214132
2,336,Liga BetPlay,1,56,Colombia,66,66,64,111722,3,15,29.18,26.71,156533,214533,221554,207864
2,351,A-League,1,195,Australia,62,63,60,111399,1,8,27.36,24.87,180746,169447,205961,169447
2,80,Bundesliga,1,4,Austria,60,63,57,111373,5,11,24.64,23.26,217730,183691,50079,204790
2,80,Bundesliga,1,4,Austria,63,63,63,209,1,7,27.64,25.6,190592,45717,164907,164907
2,56,Allsvenskan,1,46,Sweden,62,61,61,702,4,10,30.27,26.54,199115,144432,144432,144432
2,39,Major League Soccer,1,95,United States,66,64,64,697,6,11,28.91,27.54,164559,190554,164559,186715
2,65,Premier Division,1,25,Republic of Ireland,52,52,52,111285,1,9,26,24.52,201465,216555,157331,201474
2,31,Serie A,1,27,Italy,72,74,71,1744,7,7,25.73,26.93,149185,201858,202685,210935
2,68,Super Lig,1,48,Turkey,67,67,62,101025,9,14,24.91,24.64,158932,158932,158932,158932
2,17,Ligue 2,2,18,France,63,64,64,219,7,6,24.27,23.44,163425,205686,41784,205686
2,32,Serie B,2,27,Italy,62,65,59,206,8,6,24.36,23.57,204633,224048,177589,177589
2,336,Liga BetPlay,1,56,Colombia,62,61,61,112527,3,9,25,24.93,153076,214145,153076,214145
2,32,Serie B,2,27,Italy,63,61,65,200,3,5,26.64,24.64,209594,209594,209594,209594
2,80,Bundesliga,1,4,Austria,61,63,60,191,3,7,23.18,23.08,178578,214000,7221,192328
2,56,Allsvenskan,1,46,Sweden,61,62,60,1439,5,8,26.64,24.56,10457,122542,122542,211127
2,335,Primera Division,1,55,Chile,68,67,68,110979,5,16,27.18,24.92,159157,214262,223685,159157
2,68,Super Lig,1,48,Turkey,68,69,68,436,9,6,26.55,24.82,181404,199974,178323,199974
2,39,Major League Soccer,1,95,United States,66,62,66,689,7,5,26,25.67,179686,137163,180178,180178
2,350,Pro League,1,183,Saudi Arabia,68,70,66,605,5,18,26.27,25.63,213091,209281,162280,209281
2,56,Allsvenskan,1,46,Sweden,60,61,61,321,2,7,26.64,24.22,220978,203045,164455,192261
2,20,Bundesliga,2,21,Germany,65,66,64,506,10,8,24.55,23.64,213578,207897,213578,201066
2,41,Eliteserien,1,36,Norway,62,63,63,1463,5,4,28.64,25,202258,213512,213512,184523
2,67,Premier League,1,40,Russia,72,75,70,110089,11,12,27.82,27.21,156713,203627,203627,203627
2,351,A-League,1,195,Australia,64,70,57,111397,3,9,29.18,25.7,27487,152588,152588,51287
2,32,Serie B,2,27,Italy,63,65,61,110734,9,5,27.91,23.89,199532,199520,163169,158734
2,61,League Two,4,14,England,59,59,58,1961,1,2,24.91,24.96,173758,209254,188376,189828
2,61,League Two,4,14,England,60,63,58,1798,2,3,27.64,25.42,149662,197990,190543,177747
2,60,League One,3,14,England,61,62,61,1926,3,3,26.91,25,209277,162134,134821,162134
2,17,Ligue 2,2,18,France,62,62,61,110326,2,4,29.18,27.07,177883,202548,223448,202548
2,41,Eliteserien,1,36,Norway,60,58,59,300,2,6,26.45,25.08,190360,187918,187918,187918
2,350,Pro League,1,183,Saudi Arabia,67,68,62,111674,4,17,25.18,25.37,168883,168883,210137,212037
2,350,Pro League,1,183,Saudi Arabia,60,65,58,112395,2,11,27.27,26.47,194409,210156,187513,210806
2,350,Pro League,1,183,Saudi Arabia,63,64,60,112394,4,15,27.36,25.87,209564,159818,209562,209564
2,350,Pro League,1,183,Saudi Arabia,60,63,58,112393,2,10,25,24.67,209027,210769,210769,210769
2,350,Pro League,1,183,Saudi Arabia,60,64,60,112392,2,8,27.18,25.3,209568,209218,210483,209218
2,350,Pro League,1,183,Saudi Arabia,58,59,54,112390,1,7,25.64,25.1,209169,225089,208978,214007
2,350,Pro League,1,183,Saudi Arabia,58,58,56,112389,3,11,26.64,25.87,209228,225082,225086,225082
2,32,Serie B,2,27,Italy,62,62,62,54,2,5,27.45,24.18,149194,190074,199087,190074
2,350,Pro League,1,183,Saudi Arabia,59,54,56,112389,1,8,26.27,27.17,211027,211027,211027,211027
2,32,Serie B,2,27,Italy,65,69,63,1744,2,3,24.64,22.82,158738,158738,200882,184320
2,32,Serie B,2,27,Italy,64,65,62,1843,2,4,28.64,25.96,161725,173155,137758,149289
2,1,Superliga,1,13,Denmark,62,62,61,272,3,7,29.36,26,155567,45541,155567,151710
2,1,Superliga,1,13,Denmark,60,64,60,1786,2,6,26.55,25.48,223530,164637,198436,196064
2,351,A-League,1,195,Australia,62,61,62,111400,3,15,27.73,25.55,180740,189884,213321,198898
2,32,Serie B,2,27,Italy,64,64,63,111657,5,6,27.82,25.79,137208,202828,177958,202828
2,66,Ekstraklasa,1,37,Poland,65,65,62,111091,5,10,27.36,25.85,187857,156233,148588,148588
2,308,Liga Portugal,1,38,Portugal,68,68,66,1892,3,5,27.18,25.67,13124,13124,192636,13124
2,336,Liga BetPlay,1,56,Colombia,65,67,64,101105,2,13,30.73,26.89,214372,221515,176610,214420
2,336,Liga BetPlay,1,56,Colombia,64,62,62,112578,4,14,27.55,24.89,142710,214047,214047,214329
2,336,Liga BetPlay,1,56,Colombia,62,63,61,112019,2,9,27.91,25.58,214289,193339,193339,214208
2,336,Liga BetPlay,1,56,Colombia,62,62,63,111722,2,7,26.82,26,213942,224153,214980,224153
2,335,Primera Division,1,55,Chile,64,66,62,112533,3,13,26.82,24.07,215136,143187,215136,143187
2,335,Primera Division,1,55,Chile,64,65,62,110979,2,10,25.73,25.33,215096,213831,214265,214265
2,335,Primera Division,1,55,Chile,64,65,62,111327,3,5,29.36,26.54,216048,156501,216048,156501
2,335,Primera Division,1,55,Chile,64,71,63,110976,3,8,26,25.11,214222,214069,214862,214069
2,336,Liga BetPlay,1,56,Colombia,66,67,66,112526,2,11,30.64,27.39,140271,140271,214234,214201
2,336,Liga BetPlay,1,56,Colombia,62,63,60,101101,2,4,24,22.43,214386,214390,214498,214390
2,335,Primera Division,1,55,Chile,64,64,60,112585,3,7,26.91,25.89,214258,214258,214818,216514
2,335,Primera Division,1,55,Chile,64,64,64,112531,2,6,25.73,25.15,214617,215045,113555,215045
2,350,Pro League,1,183,Saudi Arabia,61,63,56,112393,1,8,24.82,25.2,168849,208925,210807,224962
2,341,Liga MX,1,83,Mexico,67,68,66,110150,3,5,28.09,27.53,135778,214369,214369,177602
2,335,Primera Division,1,55,Chile,62,63,58,110976,2,4,25.36,24.43,223645,215041,214793,215041
2,336,Liga BetPlay,1,56,Colombia,62,65,62,101101,2,2,28.18,25.57,143044,143044,168563,143044
2,336,Liga BetPlay,1,56,Colombia,63,63,63,112523,2,2,26.36,27.18,221235,106418,106418,106418
2,350,Pro League,1,183,Saudi Arabia,56,56,54,112394,1,7,26.64,26.1,222568,209283,209283,208974
2,68,Super Lig,1,48,Turkey,63,66,61,742,5,6,26.45,24.43,190959,175888,143732,175888
2,54,La Liga 2,2,45,Spain,63,62,61,110062,1,2,27.73,26.42,146747,146700,146700,189482
2,32,Serie B,2,27,Italy,61,60,61,200,1,2,26.45,27,225214,225218,225224,225221
2,32,Serie B,2,27,Italy,63,63,63,110741,1,3,27.09,24.71,222955,189192,185146,189192
2,13,Premier League,1,14,England,81,81,79,18,18,19,26.45,24.3,53612,146562,146562,176635
2,13,Premier League,1,14,England,76,75,76,88,15,15,26.27,24.76,169721,189280,169214,189280
2,14,Championship,2,14,England,68,69,68,1796,12,11,24.73,23.8,198904,139609,184624,139609
2,14,League One,2,14,England,68,66,68,3,9,11,27.45,25.23,170074,212803,184707,198635
2,13,Premier League,1,14,England,83,83,81,1,20,20,26.09,23.45,13732,180403,183277,162895
2,13,Premier League,1,14,England,78,80,74,9,16,15,26.27,25.18,53914,6826,192505,189725
2,14,Championship,2,14,England,69,70,69,1939,11,11,22.91,22.53,172425,224081,188599,224081
2,13,Premier League,1,14,England,79,82,79,7,18,18,25.27,23.09,183711,183711,184111,138412
2,13,Premier League,1,14,England,83,88,81,11,19,19,27.45,25.27,139720,168542,153079,146536
2,13,Premier League,1,14,England,81,77,79,10,20,20,25.27,23.61,54050,54050,54050,178088
2,14,Championship,2,14,England,72,72,70,13,10,11,27.64,25.57,163625,194334,163625,163625
2,13,Premier League,1,14,England,76,77,76,106,16,16,24.91,24.12,48745,183394,183394,193942
2,14,Premier League,2,14,England,71,70,69,91,10,11,26.55,25.27,186116,186116,186116,186116
2,14,Championship,2,14,England,73,78,71,144,12,11,28.18,25.87,164462,188166,195671,204060
2,13,Championship,1,14,England,77,77,74,1790,14,13,25.09,24.12,171791,199434,199434,199434
2,13,Premier League,1,14,England,78,78,78,1,17,17,23.64,22.55,172871,190460,202126,190460
2,13,Premier League,1,14,England,76,76,75,97,14,14,25.27,24.3,152879,177388,152879,177388
2,19,Bundesliga,1,21,Germany,85,86,82,22,20,20,27.09,25.07,121939,45197,189596,45197
2,19,Bundesliga,1,21,Germany,81,82,80,34,18,19,24.36,23.64,178603,188350,188350,192883
2,19,Bundesliga,1,21,Germany,78,78,76,31,14,16,26,24.24,1611,199503,187072,183909
2,20,Bundesliga,2,21,Germany,70,70,71,1832,11,11,24.91,23.29,199897,212096,183580,212096
2,19,2. Bundesliga,1,21,Germany,75,75,74,38,14,13,26.45,25.17,162893,181318,198196,188154
2,20,2. Bundesliga,2,21,Germany,69,68,69,169,10,11,24.73,23.54,203544,203544,203544,175996
2,19,Bundesliga,1,21,Germany,74,73,74,23,12,12,24.82,24.29,52498,52498,182212,52498
2,19,Bundesliga,1,21,Germany,78,79,77,31,16,17,23.82,23.64,177457,208128,208128,208128
2,20,3. Liga,2,21,Germany,67,68,68,21,10,10,25.09,24,200607,135190,169410,135190
2,19,2. Bundesliga,1,21,Germany,78,81,77,22,16,18,24.82,24.03,148803,202087,148803,202087
2,19,Bundesliga,1,21,Germany,75,77,73,21,14,14,25.91,23.8,158856,193886,193886,193886
2,19,Bundesliga,1,21,Germany,74,75,75,28,13,13,25.82,23.5,101336,173474,173474,173474
2,31,Serie A,1,27,Italy,75,77,74,47,13,12,29.18,27.39,11808,173146,142938,143076
2,31,Serie A,1,27,Italy,80,79,79,47,17,20,25.91,25.09,162835,,201399,
2,31,Serie A,1,27,Italy,82,81,83,44,19,20,27.36,25.32,1179,173210,201153,173210
2,31,Serie A,1,27,Italy,79,78,79,52,16,17,27.18,25.87,165109,173221,173221,173221
2,31,Serie A,1,27,Italy,78,80,77,44,17,19,27.18,26,159287,189125,180826,189125
2,31,Serie A,1,27,Italy,79,82,76,45,17,18,27.18,25.52,149184,188876,188876,188876
2,31,Serie A,1,27,Italy,80,80,79,46,17,18,27.36,25.94,53302,180206,180930,203551
2,31,Serie A,1,27,Italy,76,76,77,45,11,13,28,26.41,190547,205407,159261,202672
2,31,Serie A,1,27,Italy,75,77,76,52,15,15,27.45,25,120274,120274,120274,120274
2,17,Ligue 2,2,18,France,66,65,65,110569,11,13,25.27,22.75,150564,215391,205876,224826
2,16,Ligue 2,1,18,France,71,72,69,614,10,9,28.73,25.63,167933,41835,188271,188271
2,16,Ligue 2,1,18,France,75,76,73,219,14,17,26.27,23.63,116494,177953,188325,194845
2,16,Ligue 2,1,18,France,73,73,72,378,10,10,28.64,26.5,112389,112389,134779,112389
2,17,Ligue 1,2,18,France,67,70,65,65,12,11,26.82,23.43,199387,212886,186525,199387
2,16,Ligue 1,1,18,France,75,70,75,64,14,15,28.09,24.03,150656,52126,211381,191210
2,16,Ligue 1,1,18,France,78,80,77,1819,16,19,25.09,24.03,193116,177326,193301,177326
2,17,Ligue 1,2,18,France,69,67,71,1823,9,11,24.45,23.93,171984,193495,171984,171984
2,16,Ligue 1,1,18,France,77,73,77,72,16,15,26.45,22.61,112253,162347,,162347
2,16,Ligue 1,1,18,France,73,72,72,224,13,11,26.36,24.77,153260,188388,188388,188388
2,16,Ligue 1,1,18,France,72,72,72,74,12,12,23.45,24.04,168965,184255,184255,199283
2,16,Ligue 1,1,18,France,73,76,72,69,12,12,25,22.55,51123,161648,161648,161648
2,16,Ligue 1,1,18,France,83,84,82,219,18,20,27.91,24.75,164240,179944,41236,49370
2,16,Ligue 1,1,18,France,76,75,74,71,12,13,26,24.52,41674,201533,201533,207929
2,50,Premiership,1,42,Scotland,67,69,66,181,8,15,25.09,23.2,189218,189218,176941,163619
2,50,Premiership,1,42,Scotland,72,72,71,1754,11,20,25.73,23.7,134820,187043,202539,187043
2,50,Premiership,1,42,Scotland,64,63,64,83,7,14,25.45,23.42,229362,206565,215647,216500
2,50,Premiership,1,42,Scotland,63,65,61,184,5,10,22.91,22.47,198497,212515,49045,184785
2,50,Premiership,1,42,Scotland,64,62,59,184,6,13,25.09,23.93,45073,45073,155964,227675
2,14,Championship,2,14,England,68,70,68,2,9,10,26.82,23.87,188782,170290,173660,170290
2,14,League One,2,14,England,68,69,67,97,7,9,23.55,22.3,53030,191076,197981,191076
2,14,League One,2,14,England,72,72,71,14,9,10,26,25.23,138289,200521,184747,200521
2,14,Championship,2,14,England,69,71,70,1792,8,10,27,24.47,162053,207807,180818,207807
2,13,Championship,1,14,England,74,74,73,14,12,12,27.09,25.33,136113,204485,204485,183130
2,60,Championship,3,14,England,65,63,66,19,7,8,26.73,24.25,163581,138355,223551,181681
2,13,Championship,1,14,England,76,78,74,13,14,13,27.18,25.52,169607,164459,164459,165740
2,13,Championship,1,14,England,75,77,71,110,13,12,28,25.55,138782,52306,162981,198489
2,14,Premier League,2,14,England,69,72,67,109,11,11,23.18,22.8,,175314,202052,224021
2,60,League Two,3,14,England,60,60,60,1928,3,4,22.36,20.57,138390,189206,197918,212388
2,60,League One,3,14,England,63,64,63,1803,3,4,26.18,24.36,184269,,194018,
2,61,League Two,4,14,England,59,60,60,361,2,3,25.27,23.93,163578,160294,186112,160294
2,60,League Two,3,14,England,64,64,62,1797,6,7,27.18,25.04,151270,119834,177313,213569
2,61,League One,4,14,England,61,61,60,1929,3,4,27.36,25.82,4257,163731,163731,163731
2,14,Premier League,2,14,England,70,69,69,5,11,11,25.09,24.03,155979,169641,155979,169641
2,20,3. Liga,2,21,Germany,66,68,67,10030,7,7,27,25.93,192663,137708,192663,137708
2,20,Bundesliga,2,21,Germany,69,67,69,1825,9,10,26,24.04,183601,190667,183714,190667
2,20,2. Bundesliga,2,21,Germany,68,67,68,171,8,9,26.45,24.43,150415,137461,137461,137461
2,19,2. Bundesliga,1,21,Germany,74,76,72,34,12,12,25.64,25.14,177019,192557,158232,192557
2,19,Bundesliga,1,21,Germany,74,68,73,1824,12,13,24.82,24.41,189606,193098,193098,193098
2,20,2. Bundesliga,2,21,Germany,69,69,69,165,10,10,25.82,25.39,167413,220925,220925,208700
2,19,Bundesliga,1,21,Germany,79,79,80,485,17,18,26.82,24.76,171919,171919,193352,193352
2,50,Premiership,1,42,Scotland,61,61,60,181,4,11,26.09,22.83,140119,140119,223746,223746
2,50,Premiership,1,42,Scotland,64,66,64,180,7,14,24.64,22.27,190180,169184,189181,223663
2,50,Premiership,1,42,Scotland,61,59,58,83,3,9,23.55,24.11,163201,166758,200898,186842
2,31,Serie A,1,27,Italy,74,76,69,110915,13,12,27.36,25.79,192823,190575,215982,190575
2,32,Serie B,2,27,Italy,65,65,64,39,11,11,26.36,23.5,199174,223010,156994,225440
2,80,Bundesliga,1,4,Austria,70,70,69,254,10,20,23.55,22.63,110376,222692,110376,222692
2,31,Serie B,1,27,Italy,74,74,75,206,10,11,30.36,28.13,178430,176104,186961,176104
2,32,Serie B,2,27,Italy,67,71,65,570,7,9,26.09,24.26,184976,204065,172696,204065
2,32,Serie B,2,27,Italy,67,66,66,46,9,10,24.55,25.07,201220,211302,202848,205089
2,31,Serie A,1,27,Italy,74,75,72,192,9,12,29.55,27.23,23015,178604,23015,178604
2,80,Bundesliga,1,4,Austria,66,66,66,254,7,15,24.45,23.67,169343,193860,183682,193860
2,16,Ligue 2,1,18,France,71,71,70,1738,10,11,28.18,25.15,50908,184706,193983,193983
2,16,Ligue 1,1,18,France,72,71,72,74,12,9,25.09,24.26,199511,209889,193226,192824
2,16,Ligue 1,1,18,France,76,77,76,73,16,20,24.18,23.57,163705,192274,204529,192274
2,17,Ligue 2,2,18,France,65,66,65,70,5,7,26.64,24.07,12167,223281,12167,183250
2,17,Ligue 2,2,18,France,68,72,67,1823,12,12,27.73,24.38,165474,208258,224069,215760
2,4,Jupiler Pro League,1,7,Belgium,74,76,72,232,14,20,26.18,23.63,47201,216393,170815,170815
2,4,Jupiler Pro League,1,7,Belgium,74,73,73,229,13,18,25.91,24.04,17605,200155,17605,190572
2,4,Jupiler Pro League,1,7,Belgium,71,70,71,229,12,17,24.64,23.07,53630,203910,203910,203886
2,308,Liga Portugal,1,38,Portugal,79,80,76,236,17,20,27.36,24.8,148711,197965,176769,197965
2,308,Liga Portugal,1,38,Portugal,79,78,78,234,17,20,26.27,24.73,191687,191687,199069,172672
2,308,Liga Portugal,1,38,Portugal,78,78,76,234,15,19,26.55,24.3,184826,188086,184826,188086
2,53,La Liga,1,45,Spain,81,81,81,243,19,19,26.36,24.88,146954,193747,146954,193747
2,53,La Liga,1,45,Spain,84,90,82,243,20,20,28.36,25.17,41,168651,158023,168651
2,53,La Liga 2,1,45,Spain,75,74,75,450,12,12,28.27,26.12,188930,205083,199354,205083
2,53,La Liga,1,45,Spain,84,85,82,241,20,20,27.09,23.77,155862,182521,20801,182521
2,54,La Liga 2,2,45,Spain,71,72,72,479,11,11,28.55,25.25,225161,190542,177633,190542
2,10,Eredivisie,1,34,Netherlands,75,77,74,246,15,20,21.18,22.1,203483,193198,205175,216380
2,10,Eredivisie,1,34,Netherlands,75,75,74,245,13,17,26,23.46,15723,198006,15723,189715
2,10,Eredivisie,1,34,Netherlands,76,75,76,245,14,19,23,22.43,189805,171897,189805,192537
2,80,Bundesliga,1,4,Austria,67,66,66,256,8,19,25.09,23.93,53074,53074,53074,53074
2,80,Bundesliga,1,4,Austria,66,66,63,254,8,19,25.36,23.81,163810,204493,199215,204493
2,54,La Liga 2,2,45,Spain,67,67,67,472,7,8,27.18,24.31,177522,198560,146288,142499
2,1,Superliga,1,13,Denmark,68,67,69,819,9,19,24.18,24.04,152039,198455,172555,208437
2,1,Superliga,1,13,Denmark,65,65,65,269,6,11,26.55,24.16,120280,186922,186922,186922
2,1,Superliga,1,13,Denmark,65,65,61,1516,6,16,26.91,23.6,191095,179899,201303,179899
2,63,Super League,1,22,Greece,75,76,73,1884,14,20,26.64,25.18,183666,203980,203980,203980
2,189,Super League,1,47,Switzerland,61,62,60,898,2,4,26,26.13,169113,169113,169113,169113
2,16,Ligue 2,1,18,France,70,70,67,379,8,8,26.36,26,193081,183356,211239,199419
2,41,Eliteserien,1,36,Norway,69,71,64,417,9,20,24.91,24,172517,183336,201966,183336
2,41,Eliteserien,1,36,Norway,63,67,64,920,6,16,24.55,23.17,49511,190454,182160,221631
2,41,Eliteserien,1,36,Norway,65,65,66,1463,7,16,24.18,23.43,34308,148731,34308,209335
2,65,Premier Division,1,25,Republic of Ireland,56,56,56,306,2,11,26.09,25.24,202014,202881,192580,192580
2,65,Premier Division,1,25,Republic of Ireland,60,61,60,305,3,20,24.64,24.64,165458,183542,183542,180894
2,67,Premier League,1,40,Russia,72,70,72,100767,15,17,25.91,24,192086,192086,192086,187533
2,67,Premier League,1,40,Russia,77,79,75,100767,16,19,27.64,25.28,148119,112542,188428,187735
2,56,Allsvenskan,1,46,Sweden,68,66,69,433,8,20,27,25.87,176732,191111,191111,189383
2,56,Allsvenskan,1,46,Sweden,68,69,67,319,9,20,26.45,24.22,46175,46175,46175,204542
2,56,Allsvenskan,1,46,Sweden,62,63,63,112169,5,11,27.73,25.05,191182,10451,10451,10451
2,189,Super League,1,47,Switzerland,65,72,62,894,7,15,25.36,22.65,31831,164234,208498,189945
2,68,Super Lig,1,48,Turkey,77,76,74,326,15,20,28.45,26.65,124607,124607,124607,124607
2,68,Super Lig,1,48,Turkey,78,74,77,325,15,20,28.18,26.32,143632,148224,7826,136138
2,68,Super Lig,1,48,Turkey,77,77,76,326,14,20,28.18,25.57,143306,196934,20775,191032
2,61,League Two,4,14,England,60,50,60,1919,3,4,22.36,23.84,204222,205536,204222,204222
2,61,League Two,4,14,England,59,62,58,110313,1,2,25.45,23.8,173837,160769,201240,189695
2,61,League One,4,14,England,60,61,60,1923,3,3,25.73,23.86,162134,162134,169639,162134
2,61,League Two,4,14,England,60,60,60,1958,2,3,23.73,24.27,60010,60010,224965,184491
2,17,Ligue 1,2,18,France,67,68,65,62,9,9,26.27,25.15,51910,51910,51910,51910
2,16,Ligue 1,1,18,France,72,71,72,294,10,10,27.45,25.03,201143,189175,177576,201073
2,7,Serie A,1,54,Brazil,75,75,73,598,11,18,29.45,26.89,,,,
2,63,Super League,1,22,Greece,72,73,73,280,12,14,26.36,24.21,142329,230157,198193,198193
2,41,Eliteserien,1,36,Norway,68,68,69,1755,8,18,24.18,24.08,179537,179537,179551,179537
2,41,Eliteserien,1,36,Norway,63,64,62,918,7,14,25.55,24,189655,189978,189655,201329
2,66,Ekstraklasa,1,37,Poland,65,64,61,874,5,14,28.45,27.19,180440,148434,172200,172200
2,65,Premier Division,1,25,Republic of Ireland,59,59,60,111285,2,16,28.82,26.16,195013,104296,221881,4240
2,65,Premier Division,1,25,Republic of Ireland,59,60,58,306,2,14,26.82,24.71,198543,157128,180351,180351
2,56,Allsvenskan,1,46,Sweden,64,64,64,320,7,16,23.36,25.64,188970,207593,213305,207593
2,56,Allsvenskan,1,46,Sweden,67,70,66,710,8,19,27.55,25.17,44960,10466,168317,10466
2,68,Super Lig,1,48,Turkey,76,78,75,326,13,17,27,26.25,186953,139836,179752,223136
2,65,Premier Division,1,25,Republic of Ireland,56,54,56,563,2,13,23.27,21.84,203093,204383,201484,204383
2,53,La Liga,1,45,Spain,79,79,78,457,16,16,27.18,26.27,114764,177600,106231,189354
2,53,La Liga,1,45,Spain,75,76,73,481,13,12,28.55,25.94,154472,146377,115909,167305
2,53,La Liga,1,45,Spain,76,78,75,242,12,12,26.73,22.82,176915,192492,199561,199561
2,53,La Liga 2,1,45,Spain,75,76,74,241,14,12,25.82,24.23,195361,199986,175254,158144
2,54,La Liga,2,45,Spain,69,71,69,483,11,11,25.82,24.18,194329,178599,197935,178599
2,53,La Liga,1,45,Spain,77,78,77,448,16,14,25.18,24.58,146482,204523,146482,169416
2,53,La Liga 2,1,45,Spain,73,71,73,110827,10,10,25.27,23.81,185135,193796,202142,202142
2,53,La Liga,1,45,Spain,79,80,79,483,17,18,25.09,23.18,189513,189513,146439,189513
2,54,La Liga 2,2,45,Spain,72,71,72,459,11,10,27.09,25.07,110842,199829,110842,
2,54,La Liga,2,45,Spain,67,69,68,467,5,5,28.64,26.95,172287,225391,225391,225391
2,53,La Liga 2,1,45,Spain,73,70,73,457,5,7,27.18,24.71,146937,189211,146937,189211
2,54,La Liga 2,2,45,Spain,67,65,67,1853,9,9,25.91,23.54,155852,155852,217036,217036
2,53,La Liga,1,45,Spain,73,76,72,260,8,9,27.27,27.1,171189,198164,198164,198164
2,54,La Liga 2,2,45,Spain,66,66,66,462,7,6,28.73,25.79,50429,50429,50429,50429
2,54,La Liga,2,45,Spain,67,64,67,448,11,11,26.18,23.64,146974,206651,206651,206651
2,53,La Liga,1,45,Spain,75,74,75,1860,13,13,29.64,26.9,159172,159172,159172,159172
2,53,La Liga,1,45,Spain,79,80,79,449,17,17,28.45,25.3,172316,189560,172316,178562
2,53,La Liga,1,45,Spain,78,79,78,461,14,15,25,24,184120,184120,184120,184120
2,19,2. Bundesliga,1,21,Germany,74,73,73,175,13,12,26.45,23.66,121185,180334,176481,210126
2,65,Premier Division,1,25,Republic of Ireland,58,59,57,306,2,14,27.64,25.44,200263,22391,167328,200263
2,7,Serie A,1,54,Brazil,71,71,68,569,12,17,28,25.73,,,,
2,7,Serie A,1,54,Brazil,74,74,74,1035,12,17,26.27,24.97,,,,
2,7,Serie A,1,54,Brazil,69,69,68,567,10,16,28.64,26,,,,
2,32,Serie B,2,27,Italy,66,68,67,199,3,6,26.27,23.85,178470,178470,173162,178470
2,53,La Liga 2,1,45,Spain,76,75,75,481,15,13,29.36,25.39,110283,110283,110283,110283
2,7,Serie A,1,54,Brazil,73,77,72,383,12,18,27.09,24.28,,,,
2,350,Pro League,1,183,Saudi Arabia,71,73,71,112139,9,20,27,25.83,168879,191269,168879,168879
2,350,Pro League,1,183,Saudi Arabia,69,69,66,112387,7,19,25.73,24.03,168880,139886,168880,139886
2,17,Ligue 2,2,18,France,65,63,63,58,10,9,25.09,23.58,50955,50955,50955,50955
2,50,Premiership,1,42,Scotland,64,59,65,631,6,13,25.09,24.23,177793,203541,177793,177793
2,50,Premiership,1,42,Scotland,62,62,61,620,2,9,26.09,24.15,162979,169451,201346,169451
2,10,Eredivisie,1,34,Netherlands,65,65,64,1909,6,8,23.09,22.36,208462,208462,201405,209859
2,10,Eredivisie,1,34,Netherlands,66,67,65,1913,6,9,23.09,24.4,184637,204370,215701,204370
2,10,Eredivisie,1,34,Netherlands,69,70,67,245,8,12,26.18,24.15,164626,200231,200231,164986
2,308,Liga Portugal,1,38,Portugal,69,72,68,1889,8,13,23.73,24.68,189587,229475,189587,229473
2,4,Jupiler Pro League,1,7,Belgium,69,71,68,232,7,11,27.18,25.46,202416,199467,183392,204908
2,4,Jupiler Pro League,1,7,Belgium,70,73,71,232,10,15,26.09,22.88,156535,158271,49674,158271
2,4,Jupiler Pro League,1,7,Belgium,72,71,71,231,11,16,25.36,24.52,176009,176009,168732,176009
2,4,Jupiler Pro League,1,7,Belgium,66,63,66,673,7,10,22.55,22.63,205369,205369,205369,228352
2,4,Jupiler Pro League,1,7,Belgium,67,66,69,110724,5,11,27,25,125071,200178,208508,184423
2,4,Jupiler Pro League,1,7,Belgium,69,70,69,231,7,8,26.73,26.41,175896,163429,194171,163429
2,39,Major League Soccer,1,95,United States,69,72,66,693,7,16,27.45,25.39,164839,167669,167669,167669
2,39,Major League Soccer,1,95,United States,68,70,68,689,6,16,27.91,26.74,165169,164571,155827,212709
2,39,Major League Soccer,1,95,United States,68,73,66,112828,9,17,27,25.7,176071,176062,176062,176062
2,39,Major League Soccer,1,95,United States,68,68,67,689,7,14,25.45,26.04,190184,190184,178284,190184
