id,sample1,sample2,class
1,65.14,67.67,1
2,78.19,80.51,1
3,88.14,79.27,1
4,71.16,58.3,1
5,82.02,78.62,1
6,48.45,60.7,1
7,59.14,40.66,1
8,55.37,39.58,1
9,75.77,81.05,1
10,64.93,58.7,1
11,93.71,61.6,1
12,87.69,67.36,1
13,67.42,68.61,1
14,98.79,71.52,1
15,100,93.36,1
16,99.59,80,1
17,99.89,65.1,1
18,100,0,1
19,99.45,57.72,1
20,99.8,67.76,1
21,100,35.68,1
22,88.89,44.44,1
23,100,76.94,1
24,98.07,67.3,1
25,99.49,48.09,1
26,100,50,1
27,100,100,1
28,91.62,63.77,1
29,100,100,1
30,100,84,1
31,99.84,45.23,1
32,100,41.8,1
33,100,93.44,1
34,97.98,43.52,1
35,98.14,65.1,1
36,97.73,89.47,1
37,99.98,93.58,1
38,99.53,99.79,1
39,99.55,89.85,1
40,99.95,99.9,1
41,99.91,99.96,1
42,99.41,85.73,1
43,99.49,99.7,1
44,99.98,98.36,1
45,98.14,97.05,1
46,100,100,1
47,99.6,71.28,1
48,99.91,97.42,1
49,99.99,97,1
50,84,98.32,1
51,99.96,97.6,1
52,99.04,64.95,1
53,99.97,99.88,1
54,99.57,96,1
55,99.78,98.64,1
56,99.79,98.82,1
57,97.49,94.14,1
58,99.89,52.57,1
59,99.68,88.15,1
60,99.69,99.68,1
61,99.98,90.4,1
62,99.52,98.84,1
63,99.9,99.85,1
64,99.96,98.55,1
65,99.9,99.93,1
66,99.95,85.04,1
67,89.78,87.7,1
68,77.58,69.61,1
69,98.59,98.48,1
70,0.12,0.09,1
71,86.13,86.9,1
72,0,0.15,1
73,93.84,95.72,1
74,0.04,0,1
75,97.1,96.83,1
76,99.51,99.71,1
77,94.74,58.95,1
78,88.07,95.22,1
79,97.13,91.22,1
80,50,50,1
81,92.85,94.15,1
82,32.81,34.38,1
83,99.59,69.11,1
84,4.22,3.04,1
85,53.34,26.42,1
86,92.36,96.86,1
87,5.85,6.43,1
88,95.18,83.3,1
89,23.06,17.52,1
90,98.45,97.25,1
91,80.76,66,1
92,87.06,83.1,1
93,8.13,7.11,1
94,97.87,35.58,1
95,2.19,1.05,1
96,0.32,0.13,1
97,4.28,3.67,1
98,94.77,93.31,1
99,0.27,0.25,1
100,0.23,0.11,1
101,99.85,98.35,1
102,53.06,34.69,1
103,49.26,53.92,1
104,0.12,0.11,1
105,96.84,38.63,1
106,78.04,31.23,1
107,98.74,88.95,1
108,90.97,36.75,1
109,91.06,93.23,1
110,96.47,97.25,1
111,96.48,74.54,1
112,89.64,39.61,1
113,98.73,64.33,1
114,84.13,68.84,1
115,89.19,53.4,1
116,82.05,39.6,1
117,64.91,31.08,1
118,95.05,74.1,1
119,98.47,12.1,1
120,80.06,32.36,1
121,87.46,16.74,1
122,98.07,76.44,1
123,98.64,77.75,1
124,83.78,75.27,1
125,91.47,54.34,1
126,99.22,67.77,1
127,98.28,65.03,1
128,77,52.85,1
129,68.53,7.7,1
130,98.58,72.95,1
131,82.93,50.76,1
132,99.51,65.2,1
133,99.66,85.02,1
134,82.68,72.52,1
135,55.13,62.5,1
136,72.95,63.79,1
137,78.64,74.36,1
138,67.8,83.48,1
139,81.53,62.44,1
140,57.63,51.38,1
141,90.56,14.98,1
142,94.98,78.63,1
143,73.8,47.54,1
144,99.47,97.32,1
145,94.15,80.37,1
146,93.95,91.68,1
147,89.98,38.62,1
148,90.2,70.47,1
149,61.46,30.26,1
150,44.82,66.26,1
151,81.8,65.87,1
152,62.78,95.36,1
153,95.8,56.48,1
154,70.59,92.07,1
155,93.77,66.12,1
156,90.45,80.39,1
157,81.67,45.49,1
158,63.28,90.69,1
159,29.26,44.1,1
160,64.98,52.45,1
161,90.19,82.52,1
162,85.54,81.17,1
163,56.06,82.03,1
164,85.34,75.53,1
165,91.05,66.5,1
166,97.85,57.58,1
167,77.74,72.88,1
168,43.1,45.72,1
169,97.29,98.14,1
170,32.78,66.22,1
171,78.73,78.53,1
172,43.55,69.12,1
173,60.73,59.61,1
174,82.34,72.28,1
175,58.42,61.93,1
176,85.35,89.55,1
177,85.56,86.17,1
178,32.14,68.6,1
179,73.38,79.35,1
180,59.86,59.97,1
181,95.04,93.87,1
182,83.33,69.93,1
183,71.13,78.99,1
184,62.44,43.19,1
185,41.44,69.43,1
186,37.68,82.77,1
187,92.92,91.1,1
188,92.95,67.45,1
189,87.88,96.97,1
190,86.04,92.8,1
191,89.1,98.35,1
192,71.97,93.49,1
193,84.62,87.49,1
194,88.79,92.09,1
195,99.64,83.11,1
196,97.16,95.02,1
197,95.15,94.9,1
198,94.88,75.69,1
199,68.01,88.79,1
200,88.43,24.73,1
201,34.75,15.94,1
202,53.9,96.94,1
203,97.71,86.95,1
204,86.21,31.75,1
205,50.42,68.36,1
206,97.78,91.96,1
207,78.63,88.11,1
208,46.32,74.2,1
209,96.41,58.93,1
210,31.41,53.32,1
211,81.33,92.74,1
212,29.67,37.58,1
213,5.85,82.93,1
214,62.61,58.69,1
215,65.82,64.74,1
216,82.1,48.18,1
217,98.72,65.88,1
218,74.73,75.98,1
219,59.84,58.96,1
220,96.4,74.39,1
221,96.63,44.9,1
222,100,75,1
223,98.38,96.34,1
224,98.01,97.02,1
225,94.39,60.4,1
226,56.33,57.22,1
227,94.21,55.83,1
228,98.56,97.19,1
229,96.9,84.1,1
230,100,100,1
231,96.26,57.43,1
232,97.34,84.78,1
233,96.17,61.88,1
234,100,96.55,1
235,85.74,80.02,1
236,89.29,95.19,1
237,98.78,87.82,1
238,98.81,71.99,1
239,100,100,1
240,82.11,75.09,1
241,99.43,60.32,1
242,21.63,40.96,1
243,1.73,20.38,1
244,62.04,39.28,1
245,39.84,33.07,1
246,22.77,37.52,1
247,40.15,38.86,1
248,30.85,50.05,1
249,6.96,19.36,1
250,22.34,20,1
251,77.13,32.65,1
252,82.4,46.47,1
253,17.82,50.43,1
254,74.88,23.55,1
255,69.64,53.67,1
256,0.39,7.71,1
257,1.48,28.76,1
258,10.47,22.72,1
259,45.4,22.52,1
260,58.32,9.47,1
261,88.91,66.17,1
262,84.35,59.91,1
263,81.08,32.54,1
264,83.66,66.18,1
265,42.12,52.25,1
266,67.84,93.32,1
267,63.97,35.82,1
268,95.59,55.33,1
269,51.81,22.33,1
270,95.84,63.56,1
271,98.49,53.36,1
272,22.28,28.41,1
273,99.03,98.41,1
274,98.08,95.07,1
275,97.3,93.52,1
276,99.35,94.01,1
277,86.1,74.08,1
278,99.38,95,1
279,96.04,95.18,1
280,98.37,86.9,1
281,99.87,97.98,1
282,99.36,95.61,1
283,96.58,96.94,1
284,97.07,91.21,1
285,98.62,93.46,1
286,98.21,89.37,1
287,76.66,76.29,1
288,74.44,54.56,1
289,62.47,40.81,1
290,48.36,43.17,1
291,96.04,52.86,1
292,71.15,52.47,1
293,99.21,83.63,1
294,54.12,84.7,1
295,86.57,19.41,1
296,91.87,8.27,1
297,78.65,77.06,1
298,36.84,45.15,1
299,32.61,54.96,1
300,70.38,68.93,1
301,77.32,78.8,1
302,58.89,59.76,1
303,84.77,49.56,1
304,64.69,59.3,1
305,98.31,41.35,1
306,94.72,68.86,1
307,85.41,34.16,1
308,69.77,48.4,1
309,98.4,95.81,1
310,85.04,54.42,1
311,78.75,69.1,1
312,77.05,76.48,1
313,95.55,75.81,1
314,95.45,50.6,1
315,25.01,58.98,1
316,97.69,33.31,1
317,70.26,74.69,1
318,92.51,60.12,1
319,63.2,62.81,1
320,76.26,19.36,1
321,98.52,82,1
322,67.97,65.88,1
323,90.57,21.6,1
324,97.58,97.67,1
325,55.55,55.5,1
326,90.65,74.78,1
327,92.84,29.58,1
328,69.36,82.25,1
329,82.27,41.47,1
330,98.42,60.46,1
331,63.44,47.1,1
332,89.87,51.71,1
333,87.91,68.31,1
334,83.07,42.04,1
335,60.23,86.31,1
336,99.2,70.33,1
337,53.44,36.56,1
338,71.37,49.74,1
339,87.68,67.67,1
340,22.65,46.99,1
341,27.58,29.45,1
342,18.23,59.04,1
343,17.04,28.16,1
344,22.15,55.96,1
345,39.56,23.79,1
346,23.54,46.29,1
347,28.1,27.24,1
348,55.15,80.35,1
349,45.02,34.09,1
350,28,22.3,1
351,68.61,59.06,1
352,53.48,53.25,1
353,9.05,50.44,1
354,60.66,70.47,1
355,32.68,41.42,1
356,6.76,16.32,1
357,43.8,63.63,1
358,77.28,67.71,1
359,34.77,68.52,1
360,28.75,26.05,1
361,85.76,60.86,1
362,50.26,51.9,1
363,19.8,46.57,1
364,71.76,81.35,1
365,97.37,80.2,1
366,54.98,54.88,1
367,40.48,38.63,1
368,97.89,66.35,1
369,11.51,35.88,1
370,97.09,88.76,1
371,5.98,16.63,1
372,17.1,23.71,1
373,46.54,38.44,1
374,92.82,68.72,1
375,100,25,1
376,100,0,1
377,96.44,57.31,1
378,98.97,51.55,1
379,,,1
380,,,1
381,98.95,82.72,1
382,100,38.33,1
383,,,1
384,,,1
385,81.65,71.91,1
386,,,1
387,93.94,64,1
388,0,0,1
389,,,1
390,98.16,61.29,1
391,,,1
392,77.59,84.48,1
393,96.68,51.34,1
394,,,1
395,100,76.92,1
396,,,1
397,,,1
398,100,100,1
399,,,1
400,,,1
401,,,1
402,100,85.95,1
403,100,27.49,1
404,99.44,49.16,1
405,99.66,98.63,1
406,100,63.83,1
407,99.93,68.38,1
408,100,87.9,1
409,99.39,60.28,1
410,99.04,42.52,1
411,100,64.77,1
412,100,62.64,1
413,100,74.64,1
414,,,1
415,,57.04,1
416,97.82,61.71,1
417,80,100,1
418,,100,1
419,25,69.46,1
420,100,45.63,1
421,,92.86,1
422,100,100,1
423,0,37.5,1
424,100,66.2,1
425,100,80.97,1
426,0,30.92,1
427,54.05,55.98,1
428,0,0.08,1
429,0,84.4,1
430,73.17,6.49,1
431,75,83.69,1
432,78.57,28.78,1
433,,,1
434,100,11.39,1
435,7.69,8.33,1
436,0,63.49,1
437,0,8.33,1
438,97.45,76.1,1
439,97.56,67.11,1
440,87.5,40.83,1
441,100,100,1
442,100,100,1
443,97.99,86.41,1
444,93.67,89.43,1
445,84.98,94.98,1
446,88.91,74.27,1
447,87.6,90.36,1
448,75.44,88.98,1
449,86.95,90.06,1
450,92.27,92.56,1
451,82.83,80.79,1
452,89.77,80.98,1
453,89.82,92.26,1
454,90.35,83.06,1
455,91.37,89.89,1
456,92.5,88.55,1
457,90.82,85.4,1
458,90.46,91.44,1
459,94.05,90.89,1
460,84.43,79.25,1
461,96.73,88.94,1
462,96.75,95.27,1
463,91.04,91.25,1
464,95.7,93.95,1
465,82.81,80.51,1
466,89.5,90.91,1
467,92.3,85,1
468,65.75,59.16,1
469,43.75,51.69,1
470,40.46,29.26,1
471,81.21,79.39,1
472,25.77,27.94,1
473,78.29,37.93,1
474,52.08,60.02,1
475,6.35,29.09,1
476,61.01,72.42,1
477,37.47,60.13,1
478,0.86,4.38,1
479,64.43,64.41,1
480,66.87,50.18,1
481,54.91,49.3,1
482,52.93,40.02,1
483,52.65,63.15,1
484,34.87,62.67,1
485,4.36,1.01,1
486,39.04,41.11,1
487,73.24,72.53,1
488,36.26,27.73,1
489,25.16,31.08,1
490,52.21,44.43,1
491,83.86,81.56,1
492,21.17,21.85,1
493,32.7,35.77,1
494,63.71,75.46,1
495,18.03,41.53,1
496,67.34,41.22,1
497,45.93,60.16,1
498,1.64,4.18,1
499,56.71,66.03,1
500,78.35,61.23,1
501,98.99,31.51,1
502,3.49,54.41,1
503,22.22,73.02,1
504,98.3,81.58,1
505,75.73,95.15,1
506,56.06,72.71,1
507,99.36,96.69,1
508,13.49,88.13,1
509,49.69,79.92,1
510,45.71,74.77,1
511,67.52,70.66,1
512,92.82,80.52,1
513,22.25,87.22,1
514,98.24,98.43,1
515,70.98,68.45,1
516,95.76,70.48,1
517,49.77,46.2,1
518,2.51,42,1
519,59.57,58.83,1
520,76.54,28.48,1
521,97.86,81.74,1
522,72.55,32.34,1
523,93,98.9,1
524,67.38,62.4,1
525,28.28,33.96,1
526,59.6,62.94,1
527,99.09,57.87,1
528,72.01,94.56,1
529,86.4,61.16,1
530,74.75,89.43,1
531,80.39,45.72,1
532,30.78,47.33,1
533,20.77,68.68,1
534,38.26,71.24,1
535,32.7,23.35,1
536,74.63,73.33,1
537,24.54,37.05,1
538,57.13,33.18,1
539,0,0,1
540,59.09,57.04,1
541,41.6,31.36,1
542,41.63,21.51,1
543,40.57,56.89,1
544,48.48,58.81,1
545,53,72.96,1
546,24.67,37.79,1
547,79.11,73.21,1
548,51.95,44.39,1
549,63.37,73.95,1
550,76.72,56,1
551,71.49,45,1
552,26.75,63.64,1
553,49.94,27.53,1
554,59.57,70.66,1
555,60.17,70.91,1
556,68.56,76.15,1
557,73.8,78.46,1
558,52.31,64.49,1
559,57.93,70.6,1
560,66.91,74.41,1
561,49.29,77.02,1
562,75.51,81.6,1
563,57.85,43.12,1
564,55.17,75.69,1
565,54.61,53.83,1
566,52.91,49.11,1
567,64.64,58.49,1
568,49.33,58.18,1
569,98.88,93.4,1
570,97.7,97.24,1
571,10.67,46.67,1
572,97.53,78.27,1
573,99.68,72.99,1
574,99.22,78.06,1
575,99.46,72.95,1
576,98.71,85.28,1
577,99.07,82.56,1
578,99.64,78.7,1
579,97.09,84.03,1
580,51.98,69.19,1
581,70.57,66.72,1
582,96.49,96.7,1
583,49.66,76.45,1
584,22.33,51.3,1
585,73.7,72.01,1
586,64.8,90.01,1
587,4.17,57.91,1
588,56.23,36,1
589,57.52,67.76,1
590,77.48,70.67,1
591,85.14,86.73,1
592,94,97.02,1
593,27.19,64.24,1
594,54.13,55.48,1
595,57.65,49.02,1
596,94.13,5.01,1
597,76.12,65.4,1
598,64.97,79.96,1
599,57.93,51.64,1
600,54.6,59.41,1
601,64.7,21.67,1
602,11.32,67.42,1
603,79.83,58.94,1
604,77.3,78.94,1
605,98.18,89.95,1
606,70.43,57.18,1
607,97.68,91.98,1
608,81.62,40.82,1
609,68.56,84.85,1
610,79.5,78.64,1
611,63.08,27.43,1
612,81.11,93.55,1
613,74,60.28,1
614,67.04,66.38,1
615,65.15,52.51,1
616,97.24,97.91,1
617,51.21,75.91,1
618,75.09,77.67,1
619,72.25,62.81,1
620,77.07,86.45,1
621,75.05,79.27,1
622,78.3,81.95,1
623,98.78,75.78,1
624,84.92,88.63,1
625,85.63,70.33,1
626,94.95,99.52,1
627,73.45,72.17,1
628,94.58,68.78,1
629,97.53,94.44,1
630,94.09,67.11,1
631,10.29,34.98,1
632,60.78,64.64,1
633,47.12,63.72,1
634,81.15,85.82,1
635,74.1,75.15,1
636,82.99,81.62,1
637,75.88,79.4,1
638,94.04,75.31,1
639,81.54,44.38,1
640,88.9,92.23,1
641,94.34,95.77,1
642,68.39,74.4,1
643,85.58,74.5,1
644,66.89,74.88,1
645,82.01,6.33,1
646,57.88,55.22,1
647,86.38,82.12,1
648,50.14,90.08,1
649,81.56,12.05,1
650,90.44,85.04,1
651,93.7,79.57,1
652,74.31,91.88,1
653,91.8,95.81,1
654,81.62,47.66,1
655,92.94,97.83,1
656,98.95,97.15,1
657,91.89,91.27,1
658,95,94.31,1
659,97.35,94.74,1
660,77.4,69.09,1
661,61.06,86.87,1
662,85.84,87.5,1
663,95.78,86.34,1
664,81.21,89.96,1
665,89.76,88.33,1
666,84.46,77.31,1
667,95.06,94.9,1
668,100,90.91,1
669,100,93.95,1
670,100,100,1
671,93.78,98.56,1
672,99.59,96.36,1
673,97.83,86.96,1
674,91.88,73.54,2
675,99.77,89.04,2
676,95.54,88.05,2
677,98.86,86.15,2
678,98.05,65.78,2
679,97.47,92.75,2
680,94.65,73.99,2
681,80.72,77.23,2
682,98.85,96.76,2
683,96.44,85.4,2
684,95.22,79.43,2
685,96.54,87.74,2
686,92.82,71.8,2
687,93.03,100,2
688,83.19,90.78,2
689,81.28,99.34,2
690,81.62,,2
691,66.67,,2
692,92.05,0,2
693,71.78,,2
694,80.54,,2
695,25,33.33,2
696,82.11,0,2
697,86.61,100,2
698,91.15,,2
699,50,0,2
700,100,,2
701,84.68,0,2
702,100,0,2
703,90.67,,2
704,91.82,100,2
705,60.58,,2
706,80.33,,2
707,89.57,,2
708,99.63,2.99,2
709,99.66,29.56,2
710,99.55,0.92,2
711,99.96,0.92,2
712,99.98,0.06,2
713,98.94,3.42,2
714,100,1.65,2
715,99.24,7.77,2
716,99.94,3.99,2
717,99.98,0.06,2
718,99.88,4.51,2
719,100,0,2
720,99.97,1.41,2
721,99.98,0.48,2
722,100,0,2
723,56.33,61.09,2
724,99.99,1.97,2
725,99.56,0.32,2
726,100,0.15,2
727,99.86,3.86,2
728,99.95,0.08,2
729,99.97,0.89,2
730,97.61,7.87,2
731,100,0.17,2
732,99.1,0.39,2
733,98.98,4.43,2
734,100,0.23,2
735,99.94,1.91,2
736,99.97,0.08,2
737,100,0.04,2
738,99.97,0.77,2
739,99.88,2.42,2
740,90.04,0.02,2
741,78.21,0.12,2
742,99,0.43,2
743,0.12,0.15,2
744,87.39,0.03,2
745,0.17,0.16,2
746,99.26,1.79,2
747,0.07,0.07,2
748,98.13,2.8,2
749,99.75,2.28,2
750,100,64.21,2
751,99.28,0.85,2
752,99.18,2.68,2
753,100,0,2
754,94.45,0.3,2
755,96.88,91.07,2
756,95.93,54.07,2
757,6.39,3.12,2
758,55.18,0.12,2
759,98.37,7.96,2
760,6.45,0.03,2
761,99.34,0.15,2
762,31.45,6.11,2
763,99.66,0.41,2
764,81.41,0.37,2
765,94.84,4.08,2
766,8.91,0.54,2
767,98.07,0.84,2
768,2.34,1.86,2
769,0.34,0.18,2
770,4.34,2.23,2
771,98.84,74.13,2
772,0.5,0.21,2
773,0,0.23,2
774,99.9,0.83,2
775,97.96,57.14,2
776,98.28,67.89,2
777,0.3,0.18,2
778,99.18,52.95,2
779,99.61,49.84,2
780,99.88,82.22,2
781,92.5,21.93,2
782,99.9,62.25,2
783,98.79,88.09,2
784,98.45,86.97,2
785,92.59,88.53,2
786,99.75,69.54,2
787,99.58,63.75,2
788,94.29,80.07,2
789,95.02,48.95,2
790,93.67,74.86,2
791,99.22,99.35,2
792,99.09,57.79,2
793,59.83,39.43,2
794,96.15,84.69,2
795,95.98,95.73,2
796,99.74,94.72,2
797,98.42,95.78,2
798,90.01,66.24,2
799,98.38,97.08,2
800,99.73,78.16,2
801,90.06,51.48,2
802,76.32,8.42,2
803,99.57,95.55,2
804,95.11,72.22,2
805,100,29.02,2
806,97.98,45.9,2
807,95.38,40.49,2
808,88.42,38.23,2
809,98.15,59.01,2
810,97.76,67,2
811,95.33,68.68,2
812,93.67,63.43,2
813,91.79,30.24,2
814,95.68,36.05,2
815,96.66,72.01,2
816,99.31,76.24,2
817,97.86,86.35,2
818,97.22,39.38,2
819,98.05,94.66,2
820,80.32,26.04,2
821,98.82,40.45,2
822,77.23,2.1,2
823,86.88,1.66,2
824,94.29,61.5,2
825,99.04,24.49,2
826,98.79,90.33,2
827,91.52,13.14,2
828,99.72,88.52,2
829,96.39,77.48,2
830,84.29,78.73,2
831,98.07,79.44,2
832,90.14,34.19,2
833,94.49,10.34,2
834,90.92,59.09,2
835,98.07,41.85,2
836,92.83,19.64,2
837,95.91,55.94,2
838,96.94,92.01,2
839,92.41,73.1,2
840,93.46,65.71,2
841,93,56.88,2
842,100,100,2
843,94.65,68.55,2
844,94.55,36.91,2
845,97.54,70.44,2
846,93.92,40.16,2
847,98.8,42.83,2
848,98.94,52,2
849,98.13,59.71,2
850,98.45,65.96,2
851,95.04,47.59,2
852,93.67,93.94,2
853,96.86,54.75,2
854,99.23,34.54,2
855,98.96,66.15,2
856,94.85,57.65,2
857,93.61,47.85,2
858,94.54,69.78,2
859,98.02,34.42,2
860,99,82.27,2
861,99.71,99.83,2
862,100,100,2
863,90.88,96.23,2
864,98.51,95.98,2
865,99.89,100,2
866,97.37,90.31,2
867,99.06,97,2
868,98.42,17.5,2
869,98.23,72.73,2
870,96.93,100,2
871,96.61,77.78,2
872,91.46,100,2
873,58.17,82.35,2
874,42.15,28.57,2
875,99.01,80,2
876,99.67,10.22,2
877,92.88,66.67,2
878,93.71,69.3,2
879,97.45,76.19,2
880,93.87,62.26,2
881,79.12,100,2
882,98.21,100,2
883,71.9,62.73,2
884,93.53,0.37,2
885,41.47,99.84,2
886,38.61,93.83,2
887,74.5,71.43,2
888,71.83,22.82,2
889,86.32,72.73,2
890,97.01,93.7,2
891,98.74,64.29,2
892,71.8,6.5,2
893,97.84,48.27,2
894,76.61,85.6,2
895,62.5,37.5,2
896,99.51,92.8,2
897,100,53.63,2
898,87.45,51.99,2
899,90.44,64.69,2
900,84.46,93.63,2
901,99.01,93.4,2
902,97.17,69.01,2
903,100,100,2
904,98.46,57.69,2
905,96.89,61.45,2
906,100,75.48,2
907,100,95.65,2
908,89.05,80.09,2
909,99.89,47.47,2
910,97.13,91.23,2
911,93.51,70.3,2
912,100,100,2
913,95.46,64.6,2
914,99.58,66.42,2
915,70.73,86.54,2
916,98.15,61.21,2
917,93.94,62.07,2
918,82.56,12,2
919,95.97,14.94,2
920,86.26,12.03,2
921,95.26,23.55,2
922,93.39,59.04,2
923,91.43,84.91,2
924,85.89,58.08,2
925,98.01,21.41,2
926,63.93,38.34,2
927,68.32,31.75,2
928,98.68,26.12,2
929,89.42,9.73,2
930,98.88,96.63,2
931,98.27,49.14,2
932,77.38,58.88,2
933,96.36,3.2,2
934,94.47,58.64,2
935,97.63,54.92,2
936,96.58,92.98,2
937,96.03,28.35,2
938,93.5,63.11,2
939,99.83,91.76,2
940,87.56,0.82,2
941,99.12,91.12,2
942,93.99,31.47,2
943,95.04,23.69,2
944,95.74,5.15,2
945,95.13,54.47,2
946,98.72,31.26,2
947,98.75,45.41,2
948,99.18,78.42,2
949,98.61,37.81,2
950,83.88,10.21,2
951,98.78,68.7,2
952,99.41,54.12,2
953,91.15,42.2,2
954,99.94,79.74,2
955,99.94,28.81,2
956,64.17,43.51,2
957,94.3,50.94,2
958,97.98,74.74,2
959,99.39,22.94,2
960,94.18,36.84,2
961,93.76,61.95,2
962,81.13,58.42,2
963,81.26,65.82,2
964,89.58,43.88,2
965,81.4,43.62,2
966,98.43,89.32,2
967,98.26,87.44,2
968,95.22,60.08,2
969,97.87,58.36,2
970,98.12,94.53,2
971,87.5,61.57,2
972,91.89,64.88,2
973,97.36,85.94,2
974,94.15,76.7,2
975,93.09,77.83,2
976,99.53,65.91,2
977,87.9,71.23,2
978,99.97,96.14,2
979,99.94,82.26,2
980,98.74,77.97,2
981,93.71,70.84,2
982,99.54,96.11,2
983,95.67,72.92,2
984,96.84,88.41,2
985,96.57,98.13,2
986,99.65,80.52,2
987,95.58,70.62,2
988,85.83,82.42,2
989,90.32,56.35,2
990,95.36,87.15,2
991,95.31,83.94,2
992,96.58,79.96,2
993,99.98,24.51,2
994,98.96,66.92,2
995,93.97,80.93,2
996,78.41,7.93,2
997,99.17,99,2
998,91.9,94.12,2
999,99.36,83.77,2
1000,88.66,39.77,2
1001,98.94,89.1,2
1002,96.08,50.34,2
1003,96.39,85.06,2
1004,76.94,57.66,2
1005,91.61,68.76,2
1006,87.93,62.79,2
1007,70.16,56.53,2
1008,95.59,59.83,2
1009,96.69,73.24,2
1010,91.16,62.21,2
1011,98.26,97.89,2
1012,97.2,88.69,2
1013,97.92,52.12,2
1014,99.89,35.21,2
1015,98.57,15.93,2
1016,98.49,41.61,2
1017,98.55,73.17,2
1018,99.39,58.3,2
1019,99.38,75.63,2
1020,96.28,80.66,2
1021,99.98,76.1,2
1022,96.75,61.39,2
1023,98.6,87.53,2
1024,99.62,54.25,2
1025,94.56,74.57,2
1026,98.12,37.09,2
1027,98.55,56.45,2
1028,99.8,35.87,2
1029,98.86,69.6,2
1030,96.26,35.31,2
1031,99.95,43.33,2
1032,99.35,37.96,2
1033,98.43,49.82,2
1034,99.98,29.93,2
1035,82.01,45.24,2
1036,96.17,49.78,2
1037,99.91,30.76,2
1038,98.72,73.08,2
1039,95.81,76.54,2
1040,92.32,67.24,2
1041,97.77,34.02,2
1042,93.06,41.05,2
1043,99.75,19.88,2
1044,96.9,42.74,2
1045,99.86,86.48,2
1046,99.07,56.17,2
1047,82.56,72.31,2
1048,75,100,2
1049,33.33,100,2
1050,66.8,25.69,2
1051,88.66,53.61,2
1052,,,2
1053,,,2
1054,80.63,58.64,2
1055,71.67,75,2
1056,,,2
1057,,,2
1058,90.68,87.5,2
1059,,,2
1060,89.16,50,2
1061,0,0,2
1062,,,2
1063,87.88,100,2
1064,,,2
1065,87.93,77.59,2
1066,78.63,100,2
1067,,,2
1068,100,100,2
1069,,,2
1070,,,2
1071,,100,2
1072,,,2
1073,,,2
1074,,,2
1075,99.65,97.12,2
1076,80.58,,2
1077,76.72,,2
1078,99.83,40,2
1079,95.69,100,2
1080,99.86,0,2
1081,98.19,100,2
1082,99.09,100,2
1083,65.91,,2
1084,99.87,98.37,2
1085,100,100,2
1086,100,32.83,2
1087,,,2
1088,,56.01,2
1089,98.77,35.17,2
1090,100,80,2
1091,,,2
1092,50,50.85,2
1093,100,4.68,2
1094,,19.35,2
1095,100,100,2
1096,,41.87,2
1097,100,22.02,2
1098,100,48.45,2
1099,,71.35,2
1100,90.63,1.1,2
1101,0.08,0.08,2
1102,,33.54,2
1103,15.38,5.59,2
1104,100,68.32,2
1105,100,60.83,2
1106,,,2
1107,100,7.27,2
1108,16.67,16.67,2
1109,100,35.31,2
1110,0,0,2
1111,90,47.68,2
1112,92.59,85.4,2
1113,100,16.7,2
1114,100,50,2
1115,100,0,2
1116,100,100,2
1117,95.18,0.99,2
1118,99.16,0.29,2
1119,99.85,0,2
1120,99.23,61.6,2
1121,97.27,81.82,2
1122,98.82,,2
1123,99.35,0,2
1124,99.81,50,2
1125,99.78,100,2
1126,99.4,100,2
1127,99.55,0,2
1128,98.97,3.8,2
1129,99.72,,2
1130,99.41,100,2
1131,99.82,,2
1132,99.98,,2
1133,99.32,,2
1134,99.95,100,2
1135,99.57,96.1,2
1136,99.88,0.99,2
1137,98.96,100,2
1138,99.39,,2
1139,99.85,3.29,2
1140,99.75,100,2
1141,98.01,0,2
1142,97.71,,2
1143,87.08,,2
1144,99.41,,2
1145,92.8,,2
1146,96.47,,2
1147,96.66,,2
1148,67.84,,2
1149,99.45,,2
1150,96.4,,2
1151,93.82,,2
1152,92.27,,2
1153,90.16,,2
1154,96.52,,2
1155,95.02,,2
1156,95.3,,2
1157,90.93,75,2
1158,97.69,,2
1159,97.58,,2
1160,99.79,,2
1161,94.05,,2
1162,98.69,,2
1163,93.69,,2
1164,97.04,,2
1165,97.78,,2
1166,98.15,,2
1167,91.04,,2
1168,89.69,,2
1169,97.75,,2
1170,94.22,,2
1171,97.26,,2
1172,97.95,,2
1173,98.44,0,2
1174,73.09,29.21,2
1175,96.17,26.96,2
1176,99.21,6.35,2
1177,92.9,62.87,2
1178,99.55,86.15,2
1179,98.09,46.6,2
1180,99.87,12.74,2
1181,94.89,45.38,2
1182,95.2,19,2
1183,97.72,18.08,2
1184,99.52,11.26,2
1185,97.01,27.63,2
1186,99.88,87.28,2
1187,99.72,87.35,2
1188,97.89,19.57,2
1189,89.95,48.31,2
1190,92.6,5.7,2
1191,99.1,6.54,2
1192,95.71,65.88,2
1193,94.35,14.38,2
1194,99.69,65.56,2
1195,68.22,33.65,2
1196,99.9,99.74,2
1197,90.73,34.91,2
1198,97.02,78.35,2
1199,90.96,48.4,2
1200,99.83,80.76,2
1201,99.8,0.46,2
1202,98.38,58.43,2
1203,99.51,80.83,2
1204,96.2,41.24,2
1205,93.44,59.3,2
1206,96.72,39.62,2
1207,99.32,14.43,2
1208,83.04,56.03,2
1209,82.7,79,2
1210,85.53,74.51,2
1211,92.47,71.28,2
1212,0,0,2
1213,89.39,59.3,2
1214,60.85,43.01,2
1215,93.11,77.77,2
1216,74.89,74.5,2
1217,87.65,82.58,2
1218,96.75,70.97,2
1219,82.2,72.34,2
1220,97.03,85.19,2
1221,89.63,81.47,2
1222,94.86,82.65,2
1223,92.31,79.92,2
1224,93.72,97.6,2
1225,91.6,96.87,2
1226,92.8,74.1,2
1227,81.64,72.84,2
1228,97.09,67.61,2
1229,92.91,82.77,2
1230,94.22,86.39,2
1231,95.62,89.71,2
1232,97.36,77.74,2
1233,94.52,74.89,2
1234,88.12,76.72,2
1235,99.11,95.92,2
1236,95.88,85.84,2
1237,97.6,75.88,2
1238,84.07,80.46,2
1239,86.53,63.46,2
1240,96.1,73.12,2
1241,94.98,69.37,2
1242,99.95,100,2
1243,100,0,2
1244,67.57,37.33,2
1245,99.08,78.85,2
1246,98.66,79.82,2
1247,99.64,85.18,2
1248,98.63,70.43,2
1249,99.7,88.18,2
1250,96.8,80.82,2
1251,95.73,84.11,2
1252,98.7,81.97,2
1253,91.49,80.27,2
1254,98.22,57.9,2
1255,99.52,97.16,2
1256,92.94,55.89,2
1257,97.56,70.08,2
1258,90.06,59.69,2
1259,93.49,61.48,2
1260,70.56,56.78,2
1261,99.26,37.29,2
1262,94.73,88.09,2
1263,96.98,65.34,2
1264,99.78,95.7,2
1265,98.63,54.41,2
1266,88.12,45.89,2
1267,85.11,29.38,2
1268,93.77,46,2
1269,99.88,38.03,2
1270,94.5,95.35,2
1271,93.86,64.43,2
1272,88.56,49.34,2
1273,95.86,89.74,2
1274,93.3,78.24,2
1275,91.08,35.08,2
1276,98.62,78.29,2
1277,98.6,73.44,2
1278,99.03,35.46,2
1279,89.7,43.74,2
1280,98.1,94.29,2
1281,82.17,79.08,2
1282,96.89,82.32,2
1283,96.57,39.98,2
1284,98.85,43.85,2
1285,98.32,31.68,2
1286,98.93,70.72,2
1287,94.59,3.08,2
1288,96.17,68.67,2
1289,89.4,95.94,2
1290,95.36,70,2
1291,99.18,89.15,2
1292,97.19,14.89,2
1293,98.5,86.83,2
1294,97.45,67.64,2
1295,98.48,86.19,2
1296,99.35,87.37,2
1297,99.72,58.8,2
1298,94.62,82.52,2
1299,99.77,93.13,2
1300,98.18,71.36,2
1301,99.09,96.72,2
1302,99.81,63.52,2
1303,95.42,62.74,2
1304,70.66,21.93,2
1305,85.73,77.15,2
1306,92.39,98.06,2
1307,99.77,91.53,2
1308,98.81,86.52,2
1309,99.52,4.96,2
1310,95.16,59.86,2
1311,99.73,94.28,2
1312,98.32,68.63,2
1313,99.64,82.02,2
1314,99.64,99.75,2
1315,92.82,53.34,2
1316,99.09,86.05,2
1317,94.77,43.73,2
1318,99.88,33.24,2
1319,96.56,50.23,2
1320,99.84,93,2
1321,98.58,68.18,2
1322,99.7,27.38,2
1323,98.29,88.08,2
1324,99.98,17.56,2
1325,94.52,29.78,2
1326,99.51,95.5,2
1327,98.81,45.84,2
1328,72.42,88.71,2
1329,99.49,95.83,2
1330,96.74,66.05,2
1331,95.04,84.74,2
1332,96.85,75.23,2
1333,89.02,30.5,2
1334,76.62,98.51,2
1335,87.34,85.07,2
1336,95.75,50.69,2
1337,97.7,69.07,2
1338,94.81,75,2
1339,90.15,28.54,2
1340,96.75,63.44,2
1341,100,90.91,2
1342,98.63,78.52,2
1343,100,100,2
1344,97.61,81.34,2
1345,100,87.85,2
1346,100,71.74,2
1347,77.7,85.9,3
1348,91.82,88.62,3
1349,97.24,95.67,3
1350,91.4,86.81,3
1351,95.23,98.56,3
1352,91.34,96.05,3
1353,82.17,69.54,3
1354,79.83,87.61,3
1355,91.31,94.45,3
1356,78.35,88.29,3
1357,98.34,87.59,3
1358,96.76,88.24,3
1359,92.72,86.46,3
1360,99.7,0.3,3
1361,100,0.23,3
1362,98.68,0.5,3
1363,91.86,71.25,3
1364,100,100,3
1365,94.33,90.59,3
1366,45.95,7.96,3
1367,51.63,99.46,3
1368,100,66.67,3
1369,93.97,21.77,3
1370,87.35,39.16,3
1371,75.37,69.45,3
1372,100,0,3
1373,90.91,100,3
1374,50.74,15.61,3
1375,100,100,3
1376,65.88,100,3
1377,66.12,96.44,3
1378,53.48,0.26,3
1379,91.26,1.64,3
1380,76.11,69.94,3
1381,90.41,88.56,3
1382,95.84,85.47,3
1383,99.47,98.41,3
1384,87.64,99.63,3
1385,99.59,99.59,3
1386,90.71,98.22,3
1387,93.21,99.78,3
1388,98.64,96.98,3
1389,87.86,98.04,3
1390,99.17,99.86,3
1391,90.46,99.04,3
1392,100,100,3
1393,99.68,96.49,3
1394,99.77,99.52,3
1395,99.91,99.99,3
1396,97.57,97.49,3
1397,99.38,99.22,3
1398,83.13,99.74,3
1399,99.94,99.94,3
1400,99.62,93.62,3
1401,99.24,99.88,3
1402,92.38,98.5,3
1403,89.17,88.81,3
1404,93.19,98.34,3
1405,96.26,96.56,3
1406,88.74,99.8,3
1407,99.91,99.88,3
1408,90.47,98.39,3
1409,95.47,99.92,3
1410,99.71,99.96,3
1411,89.28,99.9,3
1412,99.12,98.74,3
1413,89.83,35.91,3
1414,77.69,3.92,3
1415,98.54,0.37,3
1416,0.09,0.03,3
1417,87.07,23.12,3
1418,0.16,0.16,3
1419,97.19,2.25,3
1420,0.07,0.07,3
1421,95.52,19.4,3
1422,99.65,2.86,3
1423,96.84,84.21,3
1424,98.27,0.21,3
1425,96.17,0.03,3
1426,100,50,3
1427,94,5.18,3
1428,35.09,39.29,3
1429,83.27,11.79,3
1430,6.94,7.04,3
1431,53.72,8.44,3
1432,94.68,14.22,3
1433,6.43,0.03,3
1434,92.08,0.21,3
1435,18.84,24.58,3
1436,99.38,0.52,3
1437,72.56,0.16,3
1438,85.05,5.63,3
1439,7.72,6.46,3
1440,83.59,0.63,3
1441,2.2,1.62,3
1442,0.28,5.96,3
1443,4.26,24.84,3
1444,99.71,94.19,3
1445,0.43,0.14,3
1446,0.11,0.11,3
1447,99.9,0.93,3
1448,63.83,91.84,3
1449,61.1,88.48,3
1450,0.17,0.27,3
1451,97.14,44.16,3
1452,96.29,89.06,3
1453,97.88,96.2,3
1454,95.56,18.83,3
1455,98.57,36.95,3
1456,90.82,94.71,3
1457,93.32,88.01,3
1458,95.23,47.49,3
1459,99.32,26.57,3
1460,97.55,54.74,3
1461,95.76,55.91,3
1462,94.06,88.32,3
1463,91.81,39.35,3
1464,95.23,18.39,3
1465,99.21,95.51,3
1466,85.38,88.4,3
1467,92.08,38.97,3
1468,98.87,58.62,3
1469,99.7,60.79,3
1470,98.03,74.73,3
1471,94.74,90.13,3
1472,98.72,35.89,3
1473,99.71,83.21,3
1474,97.27,75.2,3
1475,96.92,7.08,3
1476,99.76,99.07,3
1477,99.05,83.18,3
1478,94.79,57.75,3
1479,98.98,20.9,3
1480,94.01,86.34,3
1481,88.35,83.34,3
1482,98.04,87.92,3
1483,98.59,72.19,3
1484,99.7,86.04,3
1485,99.64,71.56,3
1486,96.95,70.07,3
1487,98.81,98.14,3
1488,99.27,78.75,3
1489,95.87,60.87,3
1490,100,64.12,3
1491,95.82,93.75,3
1492,99.86,61,3
1493,80.85,91.23,3
1494,93.64,85.63,3
1495,74.79,99.58,3
1496,75.77,97.09,3
1497,99.74,40.66,3
1498,99.54,98.45,3
1499,99.88,55.8,3
1500,99.97,49.62,3
1501,99.75,85.75,3
1502,98.72,69.29,3
1503,99.76,19.63,3
1504,99.45,67.87,3
1505,57.15,74.87,3
1506,98.94,67.24,3
1507,99.61,88.17,3
1508,99.59,89.64,3
1509,96.52,89.99,3
1510,100,85.13,3
1511,99.21,80.05,3
1512,99.13,87.79,3
1513,30.2,76.54,3
1514,44.05,89.85,3
1515,98.96,99.91,3
1516,37.76,89.88,3
1517,74.95,94.29,3
1518,70.92,97.31,3
1519,60.81,90.49,3
1520,67.59,91.78,3
1521,26.62,88.85,3
1522,72.54,95.61,3
1523,59.29,91.62,3
1524,82.33,83.19,3
1525,75.53,88.05,3
1526,50.48,88.34,3
1527,80.65,97.1,3
1528,65.86,96.68,3
1529,72.25,96.02,3
1530,57.42,84.81,3
1531,54.04,94.47,3
1532,35.38,98.74,3
1533,82.72,94.07,3
1534,84.7,99.77,3
1535,100,66.67,3
1536,89.18,87.97,3
1537,97.77,75.26,3
1538,64.48,99.23,3
1539,79.66,91.07,3
1540,75.76,91.71,3
1541,75.93,98.3,3
1542,89.73,37.5,3
1543,80.02,54.55,3
1544,47.35,99.81,3
1545,42.69,100,3
1546,60.05,44.83,3
1547,31.3,47.62,3
1548,77.29,80,3
1549,71.16,80.24,3
1550,81.78,93.93,3
1551,47.28,2.71,3
1552,54.03,83.6,3
1553,88.95,79.09,3
1554,52.56,86.23,3
1555,86.16,100,3
1556,22.19,77.08,3
1557,53.89,83.23,3
1558,15.36,4.72,3
1559,39.6,88.24,3
1560,36.95,41.97,3
1561,62.79,19.63,3
1562,87.45,46.07,3
1563,89.94,94.93,3
1564,43.01,33.33,3
1565,59.94,57.05,3
1566,98.74,79.44,3
1567,97.58,65.34,3
1568,100,100,3
1569,99.35,94.55,3
1570,97.9,99.75,3
1571,86.58,86.51,3
1572,83.07,72.68,3
1573,94.65,25.28,3
1574,85.86,89.53,3
1575,93.77,70.85,3
1576,100,81.98,3
1577,98.93,82.54,3
1578,99.67,85.11,3
1579,99.62,91.2,3
1580,100,48.22,3
1581,76.27,48.69,3
1582,92.36,86.32,3
1583,54.44,93.67,3
1584,99.77,78.51,3
1585,100,100,3
1586,75.19,63.68,3
1587,99.61,99.55,3
1588,48.3,23.98,3
1589,77.13,88.79,3
1590,91.55,89.42,3
1591,85.25,30.49,3
1592,60.9,31.95,3
1593,88.01,27.68,3
1594,80.29,4.02,3
1595,77.45,10.37,3
1596,85.91,78.77,3
1597,98.87,86.22,3
1598,98.01,67,3
1599,24.31,75.84,3
1600,52.02,85.33,3
1601,98.92,83.16,3
1602,68.77,41.34,3
1603,82.99,25.27,3
1604,86.13,85.52,3
1605,78.35,90.69,3
1606,98.41,14.6,3
1607,90.93,85.28,3
1608,98.38,74.53,3
1609,96.4,73.81,3
1610,98.12,51.6,3
1611,79.1,94.37,3
1612,94.38,78.02,3
1613,88.8,52.94,3
1614,98.58,67.68,3
1615,97.54,57.37,3
1616,71.3,47.79,3
1617,91.97,65.55,3
1618,87.06,87.23,3
1619,92.51,78.07,3
1620,88.73,59.15,3
1621,93.89,83.31,3
1622,97.62,48.04,3
1623,84.76,21.08,3
1624,96.77,75.94,3
1625,96.59,73.96,3
1626,94.68,42.04,3
1627,99.51,73.59,3
1628,99.06,63.32,3
1629,96.38,14.06,3
1630,94.48,70.38,3
1631,97.2,84.18,3
1632,98.04,8.41,3
1633,66.97,19.14,3
1634,68.44,88.94,3
1635,79.29,52.13,3
1636,66.3,55.67,3
1637,98.95,94.64,3
1638,98.64,98.04,3
1639,99.62,96.97,3
1640,68.89,74.4,3
1641,99.53,44.52,3
1642,98.25,55.15,3
1643,97.18,89.02,3
1644,72.4,51.24,3
1645,50.74,74.74,3
1646,89.89,83.25,3
1647,88.45,83.85,3
1648,84.48,92.99,3
1649,97.61,79.7,3
1650,63.6,55.21,3
1651,98.61,89.4,3
1652,98.78,90.72,3
1653,77.06,91.13,3
1654,93.38,86.39,3
1655,99.75,95.68,3
1656,97.62,62.58,3
1657,95.21,84.17,3
1658,90.17,84.13,3
1659,99.51,83.97,3
1660,95.82,92.06,3
1661,74.25,78.17,3
1662,93.47,91.13,3
1663,74.01,87.82,3
1664,98.7,57.19,3
1665,89,73.47,3
1666,99.91,0.49,3
1667,99.51,94.79,3
1668,79.09,56.77,3
1669,94.79,73.68,3
1670,98.76,98.93,3
1671,85.43,90.64,3
1672,94.99,79.82,3
1673,99.19,61.47,3
1674,92.3,65.03,3
1675,90.18,84.97,3
1676,99.05,96.13,3
1677,93.9,70.49,3
1678,99.55,74.63,3
1679,70.96,66.39,3
1680,94.17,41.68,3
1681,71.22,32.36,3
1682,99.6,99.77,3
1683,95.28,61.2,3
1684,95.05,87.28,3
1685,89.91,68.09,3
1686,80.07,58.56,3
1687,99.82,3.93,3
1688,94.9,16.47,3
1689,86.72,93.8,3
1690,96.51,57.28,3
1691,92.65,43.52,3
1692,98.08,58.6,3
1693,92.24,28.07,3
1694,99.58,64.32,3
1695,92.77,40.65,3
1696,94.27,23.01,3
1697,97.38,16.3,3
1698,91.08,39.12,3
1699,94.41,10.38,3
1700,90.92,61.83,3
1701,98.37,9.62,3
1702,90.73,19.3,3
1703,87.38,72.09,3
1704,98.67,42.09,3
1705,90.18,69.8,3
1706,95.89,12.17,3
1707,99.88,45.1,3
1708,96.97,17.72,3
1709,64.96,35.41,3
1710,99.03,57.27,3
1711,99.76,84.61,3
1712,87.42,70.21,3
1713,59.13,55.89,3
1714,99,43.65,3
1715,53.14,35.56,3
1716,98.86,85.23,3
1717,82.21,30.55,3
1718,98.61,17.59,3
1719,94.6,53.81,3
1720,93.85,41.54,3
1721,100,75,3
1722,100,33.33,3
1723,96.44,47.83,3
1724,98.97,24.74,3
1725,,,3
1726,,,3
1727,99.48,65.97,3
1728,100,36.67,3
1729,,100,3
1730,,100,3
1731,57.9,23.53,3
1732,,100,3
1733,80.59,0,3
1734,0,0,3
1735,,,3
1736,61.9,100,3
1737,,100,3
1738,96.55,45.16,3
1739,59,0,3
1740,,100,3
1741,100,37.5,3
1742,,,3
1743,,,3
1744,,,3
1745,,,3
1746,,,3
1747,,100,3
1748,91.29,98.28,3
1749,94.5,99.83,3
1750,86.18,94.26,3
1751,99.32,99.32,3
1752,95.67,100,3
1753,93.48,100,3
1754,95.4,100,3
1755,96.01,99.9,3
1756,87.52,89.83,3
1757,89.77,93.06,3
1758,97.34,100,3
1759,100,75.8,3
1760,,85.71,3
1761,,23.39,3
1762,95.31,37.38,3
1763,100,92.86,3
1764,,100,3
1765,0,0.84,3
1766,100,75,3
1767,,100,3
1768,100,100,3
1769,,79.28,3
1770,75,54.21,3
1771,100,42.22,3
1772,,29.88,3
1773,84.38,44.46,3
1774,0.08,0.9,3
1775,,96.33,3
1776,15.38,1.79,3
1777,100,96.62,3
1778,100,74.72,3
1779,,100,3
1780,100,1.11,3
1781,8.33,47.62,3
1782,100,51.12,3
1783,0,0,3
1784,90.91,90.84,3
1785,83.95,72.8,3
1786,100,38.44,3
1787,100,100,3
1788,100,90.91,3
1789,98.32,,3
1790,98.19,,3
1791,98.05,100,3
1792,45.83,82.91,3
1793,60.37,88.02,3
1794,62.65,93.47,3
1795,54.94,95.74,3
1796,54.64,88,3
1797,54,96.69,3
1798,46.32,74.74,3
1799,51.8,82.77,3
1800,53.45,87.12,3
1801,64.99,78.65,3
1802,33.82,86.68,3
1803,54.28,76.1,3
1804,72.66,88.18,3
1805,43.64,87.4,3
1806,32.54,93.97,3
1807,76.63,70.99,3
1808,70.49,87.53,3
1809,66.96,83.34,3
1810,54.3,91.6,3
1811,56.36,82.71,3
1812,60.88,88.62,3
1813,46.06,82.79,3
1814,91.35,79.15,3
1815,95.97,89.65,3
1816,90.44,98.42,3
1817,94.36,44.11,3
1818,91.48,78.67,3
1819,99.12,93.84,3
1820,86.89,97.61,3
1821,41.62,30.83,3
1822,96.02,96.36,3
1823,79.25,94.78,3
1824,81.17,70.73,3
1825,86.21,99.39,3
1826,95.33,90.14,3
1827,78.45,94.73,3
1828,96.2,59.17,3
1829,85.3,88.41,3
1830,94.12,96.61,3
1831,99.76,0.04,3
1832,91.82,93.98,3
1833,97.78,86.4,3
1834,93.76,86.11,3
1835,91.13,99.23,3
1836,94.43,76.39,3
1837,90.56,91.85,3
1838,95.14,66.17,3
1839,98.92,92.68,3
1840,94.14,95.37,3
1841,89.65,99.94,3
1842,95.24,88.64,3
1843,90.71,99.09,3
1844,94.79,84.67,3
1845,93.99,96.4,3
1846,99.11,89.49,3
1847,98.87,99.19,3
1848,7.01,0.17,3
1849,3.97,1.59,3
1850,99.43,98.02,3
1851,88.3,55.34,3
1852,68.17,50.96,3
1853,97.82,20.96,3
1854,90.48,50.26,3
1855,65.22,54.36,3
1856,55.37,17.35,3
1857,94.93,98.96,3
1858,87.85,77.25,3
1859,81.82,31.53,3
1860,98.89,96.14,3
1861,81.01,79.74,3
1862,62.3,89.76,3
1863,67.69,55.22,3
1864,69.55,13.99,3
1865,96.52,60.43,3
1866,90.41,89.09,3
1867,94.17,58.75,3
1868,91.59,56.24,3
1869,86.9,38.51,3
1870,65.23,44.96,3
1871,49.28,63.16,3
1872,10.85,65.17,3
1873,89.15,96.11,3
1874,93.39,99.99,3
1875,98.45,89.4,3
1876,65.3,87.95,3
1877,8.97,68.87,3
1878,87.7,78.83,3
1879,38.38,68.44,3
1880,92.89,43.35,3
1881,85.94,75.5,3
1882,77.48,80.41,3
1883,50.05,69.24,3
1884,83.62,91.46,3
1885,0,0,3
1886,79.27,64.26,3
1887,57.39,69.07,3
1888,89.05,92.75,3
1889,45.42,57.41,3
1890,63.11,71.75,3
1891,79.88,69.32,3
1892,57.16,83.16,3
1893,91.66,93.95,3
1894,85.13,89.07,3
1895,83.08,85.89,3
1896,94.19,86.97,3
1897,97.56,98.65,3
1898,52,74.36,3
1899,88.76,96.45,3
1900,69.89,83.13,3
1901,81.04,84.4,3
1902,82.95,88.94,3
1903,84.26,87.6,3
1904,65.61,75.14,3
1905,81.41,70.69,3
1906,89.92,83.66,3
1907,73.72,57.05,3
1908,91.85,95.7,3
1909,88.17,89.99,3
1910,80.97,88.43,3
1911,77.06,78.02,3
1912,91.13,64.37,3
1913,91.59,94.98,3
1914,69.95,76.22,3
1915,100,100,3
1916,99.54,99.54,3
1917,56.34,82.67,3
1918,97.46,93.7,3
1919,99.74,92.54,3
1920,97.95,98.87,3
1921,98.53,92.71,3
1922,98.47,96.29,3
1923,96.72,97.48,3
1924,99.41,99.37,3
1925,97.45,90.97,3
1926,80.82,83.88,3
1927,89.27,78.7,3
1928,96.81,77.8,3
1929,59.99,59.19,3
1930,31.09,36.35,3
1931,82.13,57.33,3
1932,95.55,48.99,3
1933,35.32,75.64,3
1934,96.99,5.6,3
1935,73.72,76.97,3
1936,80.08,46.17,3
1937,95.95,27.05,3
1938,97.76,84.91,3
1939,44.08,71.36,3
1940,79.67,45.94,3
1941,53.71,60.33,3
1942,87.94,26.44,3
1943,96.62,59.57,3
1944,86.79,65.72,3
1945,56.93,47.34,3
1946,65.01,82.46,3
1947,89.52,23.99,3
1948,69.69,90.61,3
1949,89.44,60.24,3
1950,95.92,91.23,3
1951,99.58,96.8,3
1952,88.75,41.93,3
1953,97.66,97.76,3
1954,94.89,69.84,3
1955,87.86,86.94,3
1956,93.11,83.98,3
1957,89.48,22.53,3
1958,82.78,64.87,3
1959,87.4,66.73,3
1960,79.97,73.13,3
1961,83.79,63.04,3
1962,99.24,61.24,3
1963,90.43,88.76,3
1964,91.31,75.84,3
1965,93.33,15.34,3
1966,90.78,85.81,3
1967,97.36,62.19,3
1968,99.3,39.97,3
1969,83.55,80.01,3
1970,94.13,89.68,3
1971,90.26,89.54,3
1972,94.67,72.01,3
1973,85.11,57.94,3
1974,90.12,47.78,3
1975,98.8,90.08,3
1976,97.67,78.21,3
1977,47.68,72.08,3
1978,87.58,89.38,3
1979,87.82,65.55,3
1980,86.42,1.1,3
1981,87.52,78.47,3
1982,98.12,98.85,3
1983,83.48,64.86,3
1984,92.96,58.05,3
1985,76.97,50.82,3
1986,92.51,90.54,3
1987,88.57,8.57,3
1988,73.96,70.62,3
1989,70.28,64.47,3
1990,61.99,65.66,3
1991,86.98,22.87,3
1992,55.5,53.42,3
1993,87.67,72.63,3
1994,87.59,81.96,3
1995,65.39,15.78,3
1996,85.69,84.12,3
1997,99.42,99.41,3
1998,88.47,67.77,3
1999,95.58,97.54,3
2000,88.37,32.82,3
2001,96.45,96.15,3
2002,97.34,87.87,3
2003,68.22,92.15,3
2004,96.27,74.11,3
2005,89.46,81.31,3
2006,82.81,61.36,3
2007,58.01,93.24,3
2008,85.26,91.55,3
2009,92.68,79.32,3
2010,68.18,93.96,3
2011,87.5,54.3,3
2012,79.85,76.53,3
2013,87.52,39.82,3
2014,90.91,100,3
2015,97.06,22.07,3
2016,84.81,62.5,3
2017,68.6,44.98,3
2018,94.31,36.84,3
2019,77.17,22.83,3
